mutacion,ejecucion,generacion,fitness
0.005,1,0,58.0
0.005,1,4,57.0
0.005,1,27,52.0
0.005,1,45,50.0
0.005,1,179,49.0
0.005,1,184,43.0
0.005,1,231,41.0
0.005,1,304,39.0
0.005,1,324,38.0
0.005,1,514,36.0
0.005,1,663,33.0
0.005,1,762,32.0
0.005,1,767,30.0
0.005,1,981,29.0
0.005,1,1016,27.0
0.005,1,1122,26.0
0.005,1,1267,23.0
0.005,1,1818,22.0
0.005,1,1965,21.0
0.005,2,0,47.0
0.005,2,44,44.0
0.005,2,129,43.0
0.005,2,274,41.0
0.005,2,405,40.0
0.005,2,431,39.0
0.005,2,503,37.0
0.005,2,592,35.0
0.005,2,614,34.0
0.005,2,689,32.0
0.005,2,704,31.0
0.005,2,758,28.0
0.005,2,1153,27.0
0.005,2,1167,25.0
0.005,2,1265,24.0
0.005,2,1369,22.0
0.005,2,1425,21.0
0.005,2,1661,20.0
0.005,2,1715,19.0
0.005,3,0,50.0
0.005,3,231,46.0
0.005,3,320,43.0
0.005,3,355,40.0
0.005,3,407,38.0
0.005,3,450,36.0
0.005,3,534,35.0
0.005,3,561,34.0
0.005,3,638,32.0
0.005,3,732,30.0
0.005,3,1073,29.0
0.005,3,1092,28.0
0.005,3,1173,27.0
0.005,3,1780,26.0
0.005,4,0,40.0
0.005,4,90,38.0
0.005,4,103,37.0
0.005,4,121,36.0
0.005,4,153,35.0
0.005,4,290,33.0
0.005,4,306,32.0
0.005,4,380,29.0
0.005,4,396,28.0
0.005,4,423,25.0
0.005,4,543,24.0
0.005,4,561,21.0
0.005,4,668,19.0
0.005,4,1087,18.0
0.005,4,1603,17.0
0.005,5,0,55.0
0.005,5,65,54.0
0.005,5,180,52.0
0.005,5,187,50.0
0.005,5,223,49.0
0.005,5,259,47.0
0.005,5,441,44.0
0.005,5,491,43.0
0.005,5,539,42.0
0.005,5,601,39.0
0.005,5,698,36.0
0.005,5,925,34.0
0.005,5,1076,32.0
0.005,5,1087,29.0
0.005,5,1178,27.0
0.005,5,1212,26.0
0.005,5,1330,25.0
0.005,5,1334,24.0
0.005,5,1883,22.0
0.005,5,1942,20.0
0.005,6,0,49.0
0.005,6,20,47.0
0.005,6,69,45.0
0.005,6,113,41.0
0.005,6,133,40.0
0.005,6,147,37.0
0.005,6,152,36.0
0.005,6,223,35.0
0.005,6,287,33.0
0.005,6,307,32.0
0.005,6,312,31.0
0.005,6,360,30.0
0.005,6,425,28.0
0.005,6,481,27.0
0.005,6,527,26.0
0.005,6,624,24.0
0.005,6,646,23.0
0.005,6,654,22.0
0.005,6,777,20.0
0.005,6,1496,19.0
0.005,6,1846,18.0
0.005,7,0,56.0
0.005,7,10,53.0
0.005,7,49,50.0
0.005,7,128,49.0
0.005,7,208,48.0
0.005,7,209,42.0
0.005,7,381,40.0
0.005,7,434,38.0
0.005,7,458,36.0
0.005,7,506,33.0
0.005,7,691,32.0
0.005,7,802,31.0
0.005,7,849,29.0
0.005,7,905,26.0
0.005,7,960,25.0
0.005,7,1190,23.0
0.005,7,1375,22.0
0.005,7,1445,21.0
0.005,7,1826,18.0
0.005,7,1922,17.0
0.005,8,0,42.0
0.005,8,23,40.0
0.005,8,49,38.0
0.005,8,194,35.0
0.005,8,225,33.0
0.005,8,270,31.0
0.005,8,466,30.0
0.005,8,551,29.0
0.005,8,908,28.0
0.005,8,913,27.0
0.005,8,1185,26.0
0.005,8,1186,23.0
0.005,8,1385,20.0
0.005,8,1587,17.0
0.005,8,1682,16.0
0.005,8,1909,13.0
0.005,9,0,46.0
0.005,9,20,44.0
0.005,9,51,40.0
0.005,9,124,35.0
0.005,9,137,34.0
0.005,9,170,32.0
0.005,9,207,29.0
0.005,9,370,28.0
0.005,9,381,25.0
0.005,9,404,23.0
0.005,9,415,21.0
0.005,9,427,20.0
0.005,9,480,19.0
0.005,9,676,17.0
0.005,9,1373,16.0
0.005,10,0,48.0
0.005,10,28,46.0
0.005,10,152,45.0
0.005,10,261,42.0
0.005,10,263,40.0
0.005,10,283,37.0
0.005,10,471,36.0
0.005,10,476,35.0
0.005,10,547,33.0
0.005,10,663,32.0
0.005,10,683,29.0
0.005,10,700,28.0
0.005,10,849,27.0
0.005,10,859,26.0
0.005,10,894,25.0
0.005,10,1106,24.0
0.005,10,1677,23.0
0.005,10,1908,20.0
0.005,10,1995,19.0
0.005,11,0,42.0
0.005,11,17,39.0
0.005,11,54,35.0
0.005,11,168,34.0
0.005,11,222,33.0
0.005,11,249,32.0
0.005,11,274,30.0
0.005,11,306,29.0
0.005,11,322,27.0
0.005,11,362,26.0
0.005,11,522,22.0
0.005,11,765,20.0
0.005,11,808,19.0
0.005,11,1163,18.0
0.005,11,1339,17.0
0.005,11,1510,16.0
0.005,11,1750,14.0
0.005,12,0,57.0
0.005,12,44,54.0
0.005,12,99,51.0
0.005,12,308,50.0
0.005,12,326,46.0
0.005,12,516,43.0
0.005,12,532,42.0
0.005,12,638,39.0
0.005,12,702,35.0
0.005,12,795,34.0
0.005,12,966,32.0
0.005,12,984,31.0
0.005,12,1029,30.0
0.005,12,1032,29.0
0.005,12,1075,26.0
0.005,12,1079,24.0
0.005,12,1903,23.0
0.005,13,0,48.0
0.005,13,11,47.0
0.005,13,103,41.0
0.005,13,195,38.0
0.005,13,213,35.0
0.005,13,489,33.0
0.005,13,508,32.0
0.005,13,719,30.0
0.005,13,1020,29.0
0.005,13,1231,28.0
0.005,13,1233,27.0
0.005,13,1417,24.0
0.005,13,1442,23.0
0.005,13,1446,21.0
0.005,14,0,58.0
0.005,14,15,55.0
0.005,14,24,53.0
0.005,14,172,48.0
0.005,14,319,47.0
0.005,14,336,46.0
0.005,14,471,44.0
0.005,14,480,43.0
0.005,14,492,40.0
0.005,14,505,38.0
0.005,14,594,35.0
0.005,14,722,34.0
0.005,14,767,33.0
0.005,14,1005,30.0
0.005,14,1362,29.0
0.005,14,1391,28.0
0.005,14,1400,27.0
0.005,14,1530,26.0
0.005,14,1767,25.0
0.005,14,1932,24.0
0.005,15,0,51.0
0.005,15,2,50.0
0.005,15,22,47.0
0.005,15,53,44.0
0.005,15,84,40.0
0.005,15,90,38.0
0.005,15,97,37.0
0.005,15,208,36.0
0.005,15,239,35.0
0.005,15,401,33.0
0.005,15,442,32.0
0.005,15,711,31.0
0.005,15,814,27.0
0.005,15,910,26.0
0.005,15,1023,25.0
0.005,15,1230,24.0
0.005,15,1505,23.0
0.005,15,1872,22.0
0.005,16,0,56.0
0.005,16,106,53.0
0.005,16,144,48.0
0.005,16,342,45.0
0.005,16,424,41.0
0.005,16,433,40.0
0.005,16,436,39.0
0.005,16,479,38.0
0.005,16,510,34.0
0.005,16,618,33.0
0.005,16,622,30.0
0.005,16,623,29.0
0.005,16,701,28.0
0.005,16,736,25.0
0.005,16,1335,23.0
0.005,16,1476,21.0
0.005,16,1671,20.0
0.005,16,1926,18.0
0.005,17,0,54.0
0.005,17,74,53.0
0.005,17,94,52.0
0.005,17,293,50.0
0.005,17,294,49.0
0.005,17,336,48.0
0.005,17,344,46.0
0.005,17,356,44.0
0.005,17,406,41.0
0.005,17,444,39.0
0.005,17,470,37.0
0.005,17,475,35.0
0.005,17,596,33.0
0.005,17,600,31.0
0.005,17,607,29.0
0.005,17,712,27.0
0.005,17,719,26.0
0.005,17,794,25.0
0.005,17,933,23.0
0.005,17,1025,22.0
0.005,17,1032,19.0
0.005,17,1134,17.0
0.005,17,1157,16.0
0.005,17,1924,15.0
0.005,18,0,46.0
0.005,18,83,44.0
0.005,18,198,42.0
0.005,18,256,41.0
0.005,18,302,37.0
0.005,18,316,36.0
0.005,18,404,33.0
0.005,18,532,32.0
0.005,18,558,30.0
0.005,18,691,29.0
0.005,18,875,28.0
0.005,18,889,26.0
0.005,18,1212,25.0
0.005,18,1364,24.0
0.005,18,1611,22.0
0.005,18,1629,20.0
0.005,19,0,44.0
0.005,19,50,42.0
0.005,19,54,41.0
0.005,19,76,39.0
0.005,19,101,36.0
0.005,19,158,35.0
0.005,19,292,33.0
0.005,19,327,31.0
0.005,19,551,29.0
0.005,19,698,28.0
0.005,19,710,25.0
0.005,19,776,23.0
0.005,19,1243,22.0
0.005,19,1325,21.0
0.005,19,1374,20.0
0.005,19,1506,18.0
0.005,19,1514,17.0
0.005,20,0,51.0
0.005,20,38,46.0
0.005,20,41,45.0
0.005,20,60,41.0
0.005,20,117,38.0
0.005,20,156,36.0
0.005,20,295,35.0
0.005,20,323,34.0
0.005,20,333,33.0
0.005,20,579,32.0
0.005,20,629,30.0
0.005,20,662,25.0
0.005,20,1007,24.0
0.005,20,1156,23.0
0.005,20,1228,22.0
0.01,1,0,46.0
0.01,1,46,44.0
0.01,1,55,41.0
0.01,1,99,39.0
0.01,1,103,37.0
0.01,1,110,36.0
0.01,1,176,35.0
0.01,1,177,34.0
0.01,1,185,32.0
0.01,1,201,31.0
0.01,1,232,30.0
0.01,1,267,29.0
0.01,1,288,27.0
0.01,1,398,26.0
0.01,1,461,24.0
0.01,1,684,23.0
0.01,1,1167,22.0
0.01,1,1243,21.0
0.01,1,1705,20.0
0.01,1,1792,19.0
0.01,1,1796,18.0
0.01,2,0,34.0
0.01,2,113,33.0
0.01,2,119,32.0
0.01,2,145,30.0
0.01,2,149,29.0
0.01,2,211,28.0
0.01,2,259,27.0
0.01,2,282,25.0
0.01,2,299,22.0
0.01,2,327,21.0
0.01,2,848,19.0
0.01,2,1124,18.0
0.01,2,1186,17.0
0.01,2,1505,16.0
0.01,2,1626,15.0
0.01,3,0,52.0
0.01,3,13,49.0
0.01,3,48,48.0
0.01,3,64,46.0
0.01,3,132,45.0
0.01,3,133,43.0
0.01,3,232,40.0
0.01,3,267,38.0
0.01,3,271,36.0
0.01,3,275,35.0
0.01,3,294,33.0
0.01,3,316,32.0
0.01,3,338,29.0
0.01,3,365,27.0
0.01,3,444,25.0
0.01,3,769,24.0
0.01,3,890,23.0
0.01,3,1282,22.0
0.01,3,1301,21.0
0.01,3,1563,20.0
0.01,3,1871,19.0
0.01,3,1952,18.0
0.01,4,0,62.0
0.01,4,6,57.0
0.01,4,67,56.0
0.01,4,102,52.0
0.01,4,107,48.0
0.01,4,140,47.0
0.01,4,183,46.0
0.01,4,204,45.0
0.01,4,217,40.0
0.01,4,240,36.0
0.01,4,253,33.0
0.01,4,304,32.0
0.01,4,408,31.0
0.01,4,483,30.0
0.01,4,510,28.0
0.01,4,519,27.0
0.01,4,598,26.0
0.01,4,711,22.0
0.01,4,821,20.0
0.01,4,851,18.0
0.01,4,1084,16.0
0.01,4,1413,15.0
0.01,4,1439,14.0
0.01,4,1488,13.0
0.01,5,0,51.0
0.01,5,65,48.0
0.01,5,82,47.0
0.01,5,140,44.0
0.01,5,172,42.0
0.01,5,185,41.0
0.01,5,189,40.0
0.01,5,232,39.0
0.01,5,265,38.0
0.01,5,337,37.0
0.01,5,340,36.0
0.01,5,511,35.0
0.01,5,526,34.0
0.01,5,530,33.0
0.01,5,540,32.0
0.01,5,573,28.0
0.01,5,594,27.0
0.01,5,694,26.0
0.01,5,704,25.0
0.01,5,764,22.0
0.01,5,1033,20.0
0.01,5,1308,18.0
0.01,5,1350,16.0
0.01,5,1643,15.0
0.01,6,0,43.0
0.01,6,7,41.0
0.01,6,26,40.0
0.01,6,43,30.0
0.01,6,48,28.0
0.01,6,96,27.0
0.01,6,112,24.0
0.01,6,157,22.0
0.01,6,199,20.0
0.01,6,306,19.0
0.01,6,738,14.0
0.01,6,1492,13.0
0.01,6,1625,11.0
0.01,6,1820,10.0
0.01,6,1875,9.0
0.01,7,0,47.0
0.01,7,3,43.0
0.01,7,54,41.0
0.01,7,79,40.0
0.01,7,88,39.0
0.01,7,133,37.0
0.01,7,143,34.0
0.01,7,220,33.0
0.01,7,225,32.0
0.01,7,251,31.0
0.01,7,273,28.0
0.01,7,367,26.0
0.01,7,758,25.0
0.01,7,877,24.0
0.01,7,1271,22.0
0.01,7,1334,21.0
0.01,7,1359,20.0
0.01,7,1417,19.0
0.01,7,1537,18.0
0.01,7,1912,17.0
0.01,8,0,59.0
0.01,8,19,58.0
0.01,8,30,55.0
0.01,8,113,51.0
0.01,8,122,49.0
0.01,8,126,48.0
0.01,8,162,43.0
0.01,8,170,41.0
0.01,8,210,39.0
0.01,8,235,35.0
0.01,8,276,33.0
0.01,8,287,32.0
0.01,8,295,30.0
0.01,8,406,27.0
0.01,8,418,25.0
0.01,8,730,24.0
0.01,8,732,23.0
0.01,8,932,20.0
0.01,8,1080,18.0
0.01,8,1266,17.0
0.01,8,1302,16.0
0.01,8,1641,15.0
0.01,8,1685,14.0
0.01,8,1809,13.0
0.01,9,0,54.0
0.01,9,14,52.0
0.01,9,28,51.0
0.01,9,68,49.0
0.01,9,104,47.0
0.01,9,105,45.0
0.01,9,169,44.0
0.01,9,227,39.0
0.01,9,275,38.0
0.01,9,288,37.0
0.01,9,349,34.0
0.01,9,423,32.0
0.01,9,435,29.0
0.01,9,455,28.0
0.01,9,498,26.0
0.01,9,570,24.0
0.01,9,577,23.0
0.01,9,627,22.0
0.01,9,777,21.0
0.01,9,864,20.0
0.01,9,1032,19.0
0.01,9,1080,18.0
0.01,9,1492,17.0
0.01,9,1624,16.0
0.01,9,1829,15.0
0.01,10,0,46.0
0.01,10,49,43.0
0.01,10,66,40.0
0.01,10,102,34.0
0.01,10,128,33.0
0.01,10,144,32.0
0.01,10,166,31.0
0.01,10,167,28.0
0.01,10,309,25.0
0.01,10,333,24.0
0.01,10,375,23.0
0.01,10,501,21.0
0.01,10,554,19.0
0.01,10,618,18.0
0.01,10,833,17.0
0.01,10,1253,16.0
0.01,10,1271,15.0
0.01,10,1418,13.0
0.01,10,1425,11.0
0.01,10,1575,9.0
0.01,11,0,48.0
0.01,11,21,44.0
0.01,11,47,41.0
0.01,11,74,39.0
0.01,11,95,37.0
0.01,11,114,36.0
0.01,11,144,32.0
0.01,11,176,30.0
0.01,11,258,29.0
0.01,11,306,26.0
0.01,11,322,25.0
0.01,11,490,23.0
0.01,11,670,22.0
0.01,11,745,21.0
0.01,11,950,20.0
0.01,11,1083,19.0
0.01,11,1178,17.0
0.01,11,1248,16.0
0.01,11,1552,14.0
0.01,12,0,51.0
0.01,12,20,47.0
0.01,12,28,43.0
0.01,12,40,42.0
0.01,12,104,41.0
0.01,12,122,40.0
0.01,12,138,39.0
0.01,12,146,37.0
0.01,12,168,35.0
0.01,12,198,34.0
0.01,12,279,33.0
0.01,12,367,31.0
0.01,12,426,29.0
0.01,12,439,28.0
0.01,12,504,27.0
0.01,12,587,26.0
0.01,12,598,24.0
0.01,12,763,23.0
0.01,12,894,21.0
0.01,12,1011,20.0
0.01,12,1297,19.0
0.01,12,1358,18.0
0.01,12,1890,17.0
0.01,12,1911,16.0
0.01,13,0,57.0
0.01,13,40,54.0
0.01,13,82,53.0
0.01,13,94,52.0
0.01,13,97,51.0
0.01,13,113,48.0
0.01,13,121,46.0
0.01,13,133,45.0
0.01,13,167,43.0
0.01,13,299,42.0
0.01,13,322,41.0
0.01,13,342,39.0
0.01,13,549,34.0
0.01,13,566,32.0
0.01,13,589,31.0
0.01,13,596,28.0
0.01,13,751,26.0
0.01,13,769,25.0
0.01,13,811,23.0
0.01,13,812,22.0
0.01,13,1025,21.0
0.01,13,1320,19.0
0.01,13,1396,18.0
0.01,13,1431,15.0
0.01,13,1706,14.0
0.01,13,1851,12.0
0.01,14,0,47.0
0.01,14,11,44.0
0.01,14,13,40.0
0.01,14,109,39.0
0.01,14,143,38.0
0.01,14,146,37.0
0.01,14,174,36.0
0.01,14,225,35.0
0.01,14,323,33.0
0.01,14,334,31.0
0.01,14,486,29.0
0.01,14,526,28.0
0.01,14,535,26.0
0.01,14,559,25.0
0.01,14,636,24.0
0.01,14,761,23.0
0.01,14,967,21.0
0.01,14,1092,20.0
0.01,14,1106,19.0
0.01,14,1110,18.0
0.01,14,1327,17.0
0.01,14,1544,15.0
0.01,15,0,52.0
0.01,15,19,51.0
0.01,15,36,49.0
0.01,15,40,46.0
0.01,15,68,44.0
0.01,15,122,41.0
0.01,15,153,38.0
0.01,15,264,37.0
0.01,15,327,35.0
0.01,15,372,33.0
0.01,15,441,31.0
0.01,15,765,30.0
0.01,15,807,27.0
0.01,15,1183,26.0
0.01,15,1358,25.0
0.01,15,1371,23.0
0.01,15,1376,22.0
0.01,15,1393,21.0
0.01,15,1475,19.0
0.01,15,1651,18.0
0.01,15,1762,17.0
0.01,16,0,41.0
0.01,16,35,39.0
0.01,16,62,34.0
0.01,16,179,33.0
0.01,16,182,32.0
0.01,16,183,31.0
0.01,16,232,30.0
0.01,16,259,27.0
0.01,16,386,24.0
0.01,16,392,21.0
0.01,16,443,19.0
0.01,16,561,18.0
0.01,16,572,17.0
0.01,16,689,16.0
0.01,16,780,15.0
0.01,16,855,14.0
0.01,16,1243,13.0
0.01,17,0,49.0
0.01,17,38,48.0
0.01,17,39,47.0
0.01,17,46,43.0
0.01,17,120,39.0
0.01,17,340,38.0
0.01,17,356,37.0
0.01,17,368,35.0
0.01,17,389,33.0
0.01,17,409,30.0
0.01,17,529,29.0
0.01,17,569,26.0
0.01,17,661,24.0
0.01,17,714,21.0
0.01,17,836,20.0
0.01,17,1073,19.0
0.01,17,1087,18.0
0.01,17,1148,17.0
0.01,17,1585,16.0
0.01,17,1589,15.0
0.01,17,1646,14.0
0.01,17,1739,13.0
0.01,18,0,47.0
0.01,18,11,45.0
0.01,18,16,43.0
0.01,18,56,36.0
0.01,18,75,33.0
0.01,18,140,31.0
0.01,18,147,30.0
0.01,18,185,28.0
0.01,18,204,27.0
0.01,18,228,26.0
0.01,18,234,24.0
0.01,18,271,21.0
0.01,18,417,19.0
0.01,18,474,16.0
0.01,19,0,48.0
0.01,19,116,47.0
0.01,19,134,46.0
0.01,19,135,42.0
0.01,19,162,38.0
0.01,19,168,36.0
0.01,19,335,34.0
0.01,19,338,33.0
0.01,19,376,32.0
0.01,19,382,31.0
0.01,19,475,29.0
0.01,19,525,27.0
0.01,19,559,25.0
0.01,19,671,24.0
0.01,19,762,23.0
0.01,19,1073,20.0
0.01,19,1202,17.0
0.01,19,1475,15.0
0.01,19,1768,13.0
0.01,20,0,56.0
0.01,20,6,54.0
0.01,20,45,51.0
0.01,20,101,49.0
0.01,20,141,45.0
0.01,20,153,43.0
0.01,20,198,40.0
0.01,20,222,37.0
0.01,20,258,35.0
0.01,20,284,32.0
0.01,20,303,31.0
0.01,20,476,30.0
0.01,20,545,28.0
0.01,20,581,26.0
0.01,20,632,24.0
0.01,20,691,23.0
0.01,20,755,22.0
0.01,20,782,21.0
0.01,20,971,20.0
0.01,20,1100,18.0
0.01,20,1629,17.0
0.01,20,1766,16.0
0.01,20,1897,14.0
0.02,1,0,58.0
0.02,1,5,56.0
0.02,1,9,50.0
0.02,1,23,45.0
0.02,1,24,38.0
0.02,1,28,36.0
0.02,1,30,33.0
0.02,1,43,30.0
0.02,1,58,28.0
0.02,1,73,27.0
0.02,1,89,26.0
0.02,1,108,23.0
0.02,1,119,21.0
0.02,1,148,19.0
0.02,1,166,18.0
0.02,1,180,17.0
0.02,1,184,16.0
0.02,1,273,15.0
0.02,1,1102,13.0
0.02,2,0,39.0
0.02,2,24,36.0
0.02,2,60,33.0
0.02,2,79,31.0
0.02,2,103,28.0
0.02,2,121,27.0
0.02,2,184,26.0
0.02,2,238,23.0
0.02,2,251,22.0
0.02,2,304,19.0
0.02,2,338,18.0
0.02,2,544,16.0
0.02,2,670,15.0
0.02,2,1066,14.0
0.02,2,1498,13.0
0.02,2,1569,11.0
0.02,2,1688,10.0
0.02,3,0,50.0
0.02,3,16,49.0
0.02,3,18,47.0
0.02,3,21,43.0
0.02,3,22,40.0
0.02,3,32,39.0
0.02,3,41,36.0
0.02,3,59,32.0
0.02,3,78,31.0
0.02,3,109,30.0
0.02,3,137,29.0
0.02,3,141,27.0
0.02,3,153,26.0
0.02,3,170,25.0
0.02,3,415,24.0
0.02,3,418,22.0
0.02,3,424,21.0
0.02,3,437,20.0
0.02,3,563,19.0
0.02,3,568,18.0
0.02,3,686,16.0
0.02,4,0,42.0
0.02,4,8,40.0
0.02,4,23,39.0
0.02,4,25,37.0
0.02,4,32,36.0
0.02,4,103,32.0
0.02,4,127,31.0
0.02,4,134,30.0
0.02,4,217,27.0
0.02,4,251,25.0
0.02,4,274,24.0
0.02,4,309,23.0
0.02,4,342,22.0
0.02,4,381,21.0
0.02,4,400,20.0
0.02,4,452,19.0
0.02,4,485,18.0
0.02,4,534,16.0
0.02,4,856,15.0
0.02,4,971,13.0
0.02,4,1795,12.0
0.02,5,0,45.0
0.02,5,26,39.0
0.02,5,30,36.0
0.02,5,48,35.0
0.02,5,90,33.0
0.02,5,154,32.0
0.02,5,171,31.0
0.02,5,216,30.0
0.02,5,218,27.0
0.02,5,241,24.0
0.02,5,272,23.0
0.02,5,297,21.0
0.02,5,335,20.0
0.02,5,665,19.0
0.02,5,746,18.0
0.02,5,942,17.0
0.02,5,948,16.0
0.02,5,1161,14.0
0.02,5,1185,13.0
0.02,5,1848,11.0
0.02,6,0,50.0
0.02,6,37,47.0
0.02,6,40,46.0
0.02,6,87,43.0
0.02,6,126,40.0
0.02,6,181,38.0
0.02,6,208,37.0
0.02,6,257,34.0
0.02,6,281,33.0
0.02,6,317,32.0
0.02,6,330,28.0
0.02,6,412,27.0
0.02,6,440,25.0
0.02,6,499,22.0
0.02,6,538,21.0
0.02,6,687,20.0
0.02,6,1027,18.0
0.02,6,1070,17.0
0.02,6,1100,16.0
0.02,6,1209,15.0
0.02,6,1267,14.0
0.02,7,0,52.0
0.02,7,7,48.0
0.02,7,16,46.0
0.02,7,25,44.0
0.02,7,29,42.0
0.02,7,35,37.0
0.02,7,46,36.0
0.02,7,72,35.0
0.02,7,84,34.0
0.02,7,141,33.0
0.02,7,217,32.0
0.02,7,281,30.0
0.02,7,352,29.0
0.02,7,377,27.0
0.02,7,387,26.0
0.02,7,391,23.0
0.02,7,402,22.0
0.02,7,544,21.0
0.02,7,600,20.0
0.02,7,707,18.0
0.02,7,747,17.0
0.02,7,814,16.0
0.02,7,835,15.0
0.02,7,1044,14.0
0.02,7,1087,13.0
0.02,7,1131,12.0
0.02,7,1176,11.0
0.02,7,1771,9.0
0.02,8,0,50.0
0.02,8,22,49.0
0.02,8,23,45.0
0.02,8,46,43.0
0.02,8,53,38.0
0.02,8,120,35.0
0.02,8,121,34.0
0.02,8,158,33.0
0.02,8,161,29.0
0.02,8,270,28.0
0.02,8,271,27.0
0.02,8,279,26.0
0.02,8,371,25.0
0.02,8,393,24.0
0.02,8,435,21.0
0.02,8,617,19.0
0.02,8,628,18.0
0.02,8,724,17.0
0.02,8,754,16.0
0.02,8,807,15.0
0.02,8,845,14.0
0.02,8,879,12.0
0.02,8,902,10.0
0.02,8,1289,8.0
0.02,9,0,50.0
0.02,9,8,48.0
0.02,9,25,47.0
0.02,9,32,44.0
0.02,9,40,43.0
0.02,9,42,40.0
0.02,9,56,39.0
0.02,9,94,34.0
0.02,9,101,33.0
0.02,9,116,32.0
0.02,9,148,31.0
0.02,9,159,30.0
0.02,9,204,27.0
0.02,9,289,26.0
0.02,9,314,25.0
0.02,9,357,23.0
0.02,9,383,21.0
0.02,9,390,20.0
0.02,9,428,19.0
0.02,9,489,18.0
0.02,9,553,17.0
0.02,9,578,15.0
0.02,9,727,14.0
0.02,9,854,13.0
0.02,9,871,11.0
0.02,9,1130,8.0
0.02,9,1243,7.0
0.02,10,0,42.0
0.02,10,2,39.0
0.02,10,214,38.0
0.02,10,249,35.0
0.02,10,260,32.0
0.02,10,274,31.0
0.02,10,339,30.0
0.02,10,341,29.0
0.02,10,399,28.0
0.02,10,436,26.0
0.02,10,497,25.0
0.02,10,540,24.0
0.02,10,600,23.0
0.02,10,657,21.0
0.02,10,660,20.0
0.02,10,732,19.0
0.02,10,776,18.0
0.02,10,829,15.0
0.02,10,835,14.0
0.02,10,936,13.0
0.02,10,981,12.0
0.02,10,1523,11.0
0.02,10,1875,10.0
0.02,10,1965,9.0
0.02,11,0,50.0
0.02,11,21,49.0
0.02,11,41,48.0
0.02,11,62,43.0
0.02,11,86,41.0
0.02,11,129,38.0
0.02,11,184,37.0
0.02,11,200,36.0
0.02,11,221,35.0
0.02,11,248,34.0
0.02,11,255,33.0
0.02,11,289,32.0
0.02,11,316,30.0
0.02,11,416,29.0
0.02,11,419,28.0
0.02,11,436,27.0
0.02,11,451,25.0
0.02,11,485,22.0
0.02,11,495,21.0
0.02,11,559,19.0
0.02,11,693,17.0
0.02,11,697,16.0
0.02,11,730,13.0
0.02,11,774,11.0
0.02,11,791,10.0
0.02,11,1689,9.0
0.02,12,0,54.0
0.02,12,28,53.0
0.02,12,66,52.0
0.02,12,76,51.0
0.02,12,96,50.0
0.02,12,101,42.0
0.02,12,113,40.0
0.02,12,168,39.0
0.02,12,175,37.0
0.02,12,183,36.0
0.02,12,190,35.0
0.02,12,205,34.0
0.02,12,222,32.0
0.02,12,229,28.0
0.02,12,304,26.0
0.02,12,357,25.0
0.02,12,385,21.0
0.02,12,469,20.0
0.02,12,553,19.0
0.02,12,809,17.0
0.02,12,1182,15.0
0.02,12,1297,13.0
0.02,12,1709,11.0
0.02,12,1997,10.0
0.02,13,0,52.0
0.02,13,60,50.0
0.02,13,70,48.0
0.02,13,73,45.0
0.02,13,103,43.0
0.02,13,128,42.0
0.02,13,136,40.0
0.02,13,178,38.0
0.02,13,183,37.0
0.02,13,189,36.0
0.02,13,208,35.0
0.02,13,235,29.0
0.02,13,293,27.0
0.02,13,298,25.0
0.02,13,562,22.0
0.02,13,608,19.0
0.02,13,751,18.0
0.02,13,757,17.0
0.02,13,815,15.0
0.02,13,841,13.0
0.02,13,947,12.0
0.02,13,1244,9.0
0.02,13,1358,8.0
0.02,13,1576,7.0
0.02,14,0,58.0
0.02,14,16,54.0
0.02,14,22,51.0
0.02,14,38,50.0
0.02,14,44,47.0
0.02,14,51,44.0
0.02,14,62,39.0
0.02,14,75,38.0
0.02,14,121,37.0
0.02,14,131,36.0
0.02,14,136,34.0
0.02,14,260,31.0
0.02,14,278,30.0
0.02,14,296,29.0
0.02,14,387,27.0
0.02,14,408,26.0
0.02,14,417,24.0
0.02,14,505,22.0
0.02,14,631,20.0
0.02,14,673,19.0
0.02,14,906,18.0
0.02,14,966,17.0
0.02,14,1149,15.0
0.02,14,1388,14.0
0.02,14,1428,13.0
0.02,15,0,47.0
0.02,15,4,45.0
0.02,15,17,43.0
0.02,15,24,39.0
0.02,15,71,38.0
0.02,15,132,36.0
0.02,15,141,32.0
0.02,15,175,31.0
0.02,15,288,30.0
0.02,15,372,28.0
0.02,15,387,27.0
0.02,15,437,26.0
0.02,15,549,25.0
0.02,15,567,23.0
0.02,15,777,21.0
0.02,15,905,20.0
0.02,15,1113,19.0
0.02,15,1396,18.0
0.02,15,1652,17.0
0.02,15,1784,16.0
0.02,16,0,55.0
0.02,16,13,53.0
0.02,16,16,51.0
0.02,16,41,48.0
0.02,16,43,46.0
0.02,16,49,44.0
0.02,16,63,42.0
0.02,16,85,38.0
0.02,16,109,36.0
0.02,16,111,34.0
0.02,16,234,33.0
0.02,16,239,32.0
0.02,16,241,31.0
0.02,16,252,27.0
0.02,16,284,26.0
0.02,16,442,25.0
0.02,16,544,24.0
0.02,16,718,23.0
0.02,16,1011,22.0
0.02,16,1311,21.0
0.02,16,1810,18.0
0.02,17,0,55.0
0.02,17,3,54.0
0.02,17,7,52.0
0.02,17,26,50.0
0.02,17,28,48.0
0.02,17,36,46.0
0.02,17,67,45.0
0.02,17,87,44.0
0.02,17,126,43.0
0.02,17,136,42.0
0.02,17,161,40.0
0.02,17,173,35.0
0.02,17,190,34.0
0.02,17,191,33.0
0.02,17,198,32.0
0.02,17,255,31.0
0.02,17,305,30.0
0.02,17,486,29.0
0.02,17,523,28.0
0.02,17,601,27.0
0.02,17,630,26.0
0.02,17,743,25.0
0.02,17,952,23.0
0.02,17,979,22.0
0.02,17,1377,21.0
0.02,17,1448,19.0
0.02,17,1449,18.0
0.02,17,1506,16.0
0.02,17,1525,15.0
0.02,17,1583,14.0
0.02,18,0,53.0
0.02,18,22,49.0
0.02,18,25,47.0
0.02,18,36,46.0
0.02,18,37,45.0
0.02,18,47,42.0
0.02,18,60,39.0
0.02,18,75,37.0
0.02,18,97,35.0
0.02,18,135,34.0
0.02,18,160,32.0
0.02,18,168,29.0
0.02,18,238,27.0
0.02,18,253,26.0
0.02,18,440,24.0
0.02,18,1244,23.0
0.02,18,1353,22.0
0.02,18,1530,21.0
0.02,18,1641,20.0
0.02,18,1975,18.0
0.02,19,0,50.0
0.02,19,14,48.0
0.02,19,26,45.0
0.02,19,29,39.0
0.02,19,61,36.0
0.02,19,93,35.0
0.02,19,100,33.0
0.02,19,116,31.0
0.02,19,124,30.0
0.02,19,202,29.0
0.02,19,238,27.0
0.02,19,442,26.0
0.02,19,458,25.0
0.02,19,459,24.0
0.02,19,543,23.0
0.02,19,623,22.0
0.02,19,637,17.0
0.02,19,728,15.0
0.02,19,1139,13.0
0.02,19,1166,12.0
0.02,20,0,50.0
0.02,20,4,48.0
0.02,20,6,41.0
0.02,20,7,39.0
0.02,20,10,38.0
0.02,20,15,37.0
0.02,20,31,36.0
0.02,20,44,34.0
0.02,20,104,32.0
0.02,20,131,31.0
0.02,20,229,28.0
0.02,20,309,27.0
0.02,20,333,26.0
0.02,20,334,23.0
0.02,20,367,22.0
0.02,20,389,21.0
0.02,20,420,20.0
0.02,20,475,18.0
0.02,20,616,17.0
0.02,20,632,15.0
0.02,20,873,14.0
0.02,20,974,12.0
0.02,20,977,11.0
0.02,20,985,10.0
0.02,20,1330,9.0
0.02,20,1724,8.0
0.03,1,0,54.0
0.03,1,7,50.0
0.03,1,9,46.0
0.03,1,14,45.0
0.03,1,30,43.0
0.03,1,32,39.0
0.03,1,88,36.0
0.03,1,114,35.0
0.03,1,130,34.0
0.03,1,158,32.0
0.03,1,173,29.0
0.03,1,215,28.0
0.03,1,239,25.0
0.03,1,334,24.0
0.03,1,345,23.0
0.03,1,355,21.0
0.03,1,522,19.0
0.03,1,556,18.0
0.03,1,782,17.0
0.03,1,838,16.0
0.03,1,989,15.0
0.03,1,1085,13.0
0.03,1,1244,10.0
0.03,1,1732,9.0
0.03,1,1774,8.0
0.03,2,0,60.0
0.03,2,1,57.0
0.03,2,17,52.0
0.03,2,40,51.0
0.03,2,50,48.0
0.03,2,52,41.0
0.03,2,55,39.0
0.03,2,72,37.0
0.03,2,86,35.0
0.03,2,154,33.0
0.03,2,238,32.0
0.03,2,255,31.0
0.03,2,386,29.0
0.03,2,418,28.0
0.03,2,458,26.0
0.03,2,518,24.0
0.03,2,697,23.0
0.03,2,702,22.0
0.03,2,732,21.0
0.03,2,851,20.0
0.03,2,1084,19.0
0.03,2,1125,17.0
0.03,2,1361,16.0
0.03,2,1442,15.0
0.03,2,1506,13.0
0.03,2,1736,12.0
0.03,3,0,51.0
0.03,3,17,50.0
0.03,3,30,46.0
0.03,3,55,45.0
0.03,3,67,44.0
0.03,3,78,43.0
0.03,3,81,42.0
0.03,3,109,41.0
0.03,3,111,39.0
0.03,3,131,35.0
0.03,3,172,32.0
0.03,3,183,31.0
0.03,3,217,27.0
0.03,3,285,26.0
0.03,3,339,25.0
0.03,3,343,24.0
0.03,3,361,22.0
0.03,3,461,18.0
0.03,3,496,16.0
0.03,3,541,15.0
0.03,3,647,12.0
0.03,3,790,11.0
0.03,3,1156,8.0
0.03,3,1248,7.0
0.03,3,1691,6.0
0.03,4,0,50.0
0.03,4,12,49.0
0.03,4,19,45.0
0.03,4,41,42.0
0.03,4,61,37.0
0.03,4,106,36.0
0.03,4,129,35.0
0.03,4,133,34.0
0.03,4,134,28.0
0.03,4,138,24.0
0.03,4,157,22.0
0.03,4,371,21.0
0.03,4,495,20.0
0.03,4,587,17.0
0.03,4,899,16.0
0.03,4,1155,15.0
0.03,4,1226,14.0
0.03,4,1360,12.0
0.03,4,1487,10.0
0.03,5,0,49.0
0.03,5,42,48.0
0.03,5,46,43.0
0.03,5,76,42.0
0.03,5,79,38.0
0.03,5,84,37.0
0.03,5,99,36.0
0.03,5,126,34.0
0.03,5,148,32.0
0.03,5,266,31.0
0.03,5,299,29.0
0.03,5,443,27.0
0.03,5,470,25.0
0.03,5,478,22.0
0.03,5,498,20.0
0.03,5,574,17.0
0.03,5,784,16.0
0.03,5,828,15.0
0.03,5,1867,14.0
0.03,6,0,44.0
0.03,6,46,41.0
0.03,6,61,38.0
0.03,6,65,36.0
0.03,6,72,33.0
0.03,6,101,32.0
0.03,6,109,31.0
0.03,6,209,30.0
0.03,6,284,29.0
0.03,6,285,28.0
0.03,6,374,25.0
0.03,6,486,23.0
0.03,6,491,22.0
0.03,6,590,21.0
0.03,6,658,19.0
0.03,6,733,18.0
0.03,6,896,17.0
0.03,6,982,16.0
0.03,6,1049,14.0
0.03,6,1190,12.0
0.03,6,1771,11.0
0.03,6,1848,10.0
0.03,6,1960,8.0
0.03,7,0,45.0
0.03,7,9,43.0
0.03,7,13,40.0
0.03,7,19,36.0
0.03,7,37,29.0
0.03,7,65,28.0
0.03,7,111,27.0
0.03,7,129,25.0
0.03,7,241,22.0
0.03,7,282,21.0
0.03,7,465,19.0
0.03,7,700,17.0
0.03,7,995,16.0
0.03,7,1053,15.0
0.03,7,1601,14.0
0.03,7,1661,12.0
0.03,7,1883,10.0
0.03,8,0,38.0
0.03,8,8,37.0
0.03,8,36,34.0
0.03,8,76,33.0
0.03,8,107,29.0
0.03,8,131,28.0
0.03,8,216,27.0
0.03,8,226,24.0
0.03,8,241,23.0
0.03,8,285,21.0
0.03,8,300,20.0
0.03,8,519,17.0
0.03,8,732,16.0
0.03,8,736,15.0
0.03,8,824,14.0
0.03,8,950,12.0
0.03,8,994,11.0
0.03,8,1493,9.0
0.03,8,1689,8.0
0.03,8,1728,7.0
0.03,9,0,40.0
0.03,9,21,37.0
0.03,9,36,35.0
0.03,9,50,33.0
0.03,9,54,30.0
0.03,9,87,29.0
0.03,9,134,28.0
0.03,9,194,26.0
0.03,9,207,25.0
0.03,9,332,24.0
0.03,9,645,22.0
0.03,9,777,21.0
0.03,9,875,20.0
0.03,9,909,18.0
0.03,9,1053,16.0
0.03,9,1127,15.0
0.03,9,1250,13.0
0.03,9,1661,12.0
0.03,10,0,45.0
0.03,10,17,42.0
0.03,10,39,38.0
0.03,10,104,37.0
0.03,10,156,35.0
0.03,10,221,33.0
0.03,10,308,31.0
0.03,10,395,29.0
0.03,10,406,28.0
0.03,10,493,26.0
0.03,10,519,24.0
0.03,10,684,23.0
0.03,10,930,22.0
0.03,10,1207,21.0
0.03,10,1333,20.0
0.03,10,1429,19.0
0.03,10,1465,16.0
0.03,10,1696,14.0
0.03,10,1941,13.0
0.03,11,0,50.0
0.03,11,6,46.0
0.03,11,24,43.0
0.03,11,33,42.0
0.03,11,52,39.0
0.03,11,66,38.0
0.03,11,84,34.0
0.03,11,95,33.0
0.03,11,97,32.0
0.03,11,129,30.0
0.03,11,140,29.0
0.03,11,149,28.0
0.03,11,175,26.0
0.03,11,268,23.0
0.03,11,471,21.0
0.03,11,480,20.0
0.03,11,523,18.0
0.03,11,550,17.0
0.03,11,624,16.0
0.03,11,863,15.0
0.03,11,889,13.0
0.03,11,1247,12.0
0.03,11,1424,9.0
0.03,12,0,45.0
0.03,12,7,44.0
0.03,12,22,41.0
0.03,12,39,40.0
0.03,12,53,39.0
0.03,12,54,38.0
0.03,12,64,37.0
0.03,12,74,35.0
0.03,12,122,34.0
0.03,12,165,31.0
0.03,12,222,29.0
0.03,12,289,28.0
0.03,12,335,27.0
0.03,12,401,26.0
0.03,12,517,25.0
0.03,12,521,24.0
0.03,12,566,21.0
0.03,12,825,19.0
0.03,12,1089,18.0
0.03,12,1135,16.0
0.03,13,0,52.0
0.03,13,11,49.0
0.03,13,52,48.0
0.03,13,55,46.0
0.03,13,59,45.0
0.03,13,83,43.0
0.03,13,86,39.0
0.03,13,93,38.0
0.03,13,94,34.0
0.03,13,102,33.0
0.03,13,112,32.0
0.03,13,120,31.0
0.03,13,141,30.0
0.03,13,144,28.0
0.03,13,238,24.0
0.03,13,327,23.0
0.03,13,644,22.0
0.03,13,666,21.0
0.03,13,1060,20.0
0.03,13,1106,18.0
0.03,13,1254,17.0
0.03,13,1330,15.0
0.03,13,1429,14.0
0.03,13,1527,13.0
0.03,14,0,53.0
0.03,14,3,52.0
0.03,14,28,51.0
0.03,14,35,50.0
0.03,14,36,49.0
0.03,14,52,45.0
0.03,14,67,39.0
0.03,14,83,36.0
0.03,14,92,33.0
0.03,14,105,31.0
0.03,14,142,30.0
0.03,14,178,29.0
0.03,14,224,28.0
0.03,14,226,27.0
0.03,14,255,26.0
0.03,14,278,24.0
0.03,14,288,23.0
0.03,14,307,22.0
0.03,14,395,21.0
0.03,14,495,19.0
0.03,14,772,17.0
0.03,14,857,16.0
0.03,14,1274,15.0
0.03,14,1981,12.0
0.03,15,0,60.0
0.03,15,6,58.0
0.03,15,17,50.0
0.03,15,24,48.0
0.03,15,52,44.0
0.03,15,73,42.0
0.03,15,81,41.0
0.03,15,91,40.0
0.03,15,95,39.0
0.03,15,105,38.0
0.03,15,117,37.0
0.03,15,244,36.0
0.03,15,264,33.0
0.03,15,266,32.0
0.03,15,325,30.0
0.03,15,393,29.0
0.03,15,412,27.0
0.03,15,423,26.0
0.03,15,435,25.0
0.03,15,559,22.0
0.03,15,566,20.0
0.03,15,576,17.0
0.03,15,584,15.0
0.03,15,623,13.0
0.03,15,1703,12.0
0.03,16,0,42.0
0.03,16,12,40.0
0.03,16,41,35.0
0.03,16,50,33.0
0.03,16,57,30.0
0.03,16,59,28.0
0.03,16,167,26.0
0.03,16,189,25.0
0.03,16,204,24.0
0.03,16,438,23.0
0.03,16,470,21.0
0.03,16,473,20.0
0.03,16,524,17.0
0.03,16,610,16.0
0.03,16,844,13.0
0.03,16,1159,12.0
0.03,16,1449,11.0
0.03,16,1568,10.0
0.03,16,1945,9.0
0.03,17,0,48.0
0.03,17,12,47.0
0.03,17,23,46.0
0.03,17,29,45.0
0.03,17,61,44.0
0.03,17,69,41.0
0.03,17,98,39.0
0.03,17,160,37.0
0.03,17,219,36.0
0.03,17,251,35.0
0.03,17,275,33.0
0.03,17,352,31.0
0.03,17,443,30.0
0.03,17,448,27.0
0.03,17,495,25.0
0.03,17,599,24.0
0.03,17,630,23.0
0.03,17,881,22.0
0.03,17,1013,21.0
0.03,17,1075,20.0
0.03,17,1101,19.0
0.03,17,1161,18.0
0.03,17,1356,16.0
0.03,17,1484,15.0
0.03,18,0,47.0
0.03,18,2,43.0
0.03,18,11,40.0
0.03,18,47,38.0
0.03,18,58,37.0
0.03,18,140,36.0
0.03,18,161,34.0
0.03,18,184,30.0
0.03,18,268,28.0
0.03,18,338,27.0
0.03,18,358,26.0
0.03,18,499,23.0
0.03,18,608,21.0
0.03,18,642,20.0
0.03,18,665,19.0
0.03,18,1129,18.0
0.03,18,1443,17.0
0.03,18,1775,16.0
0.03,18,1783,14.0
0.03,18,1994,13.0
0.03,19,0,53.0
0.03,19,32,52.0
0.03,19,33,51.0
0.03,19,37,50.0
0.03,19,61,47.0
0.03,19,67,45.0
0.03,19,104,44.0
0.03,19,112,41.0
0.03,19,118,39.0
0.03,19,128,36.0
0.03,19,135,33.0
0.03,19,207,32.0
0.03,19,261,31.0
0.03,19,263,30.0
0.03,19,270,29.0
0.03,19,294,27.0
0.03,19,311,26.0
0.03,19,373,25.0
0.03,19,502,23.0
0.03,19,671,22.0
0.03,19,757,21.0
0.03,19,853,20.0
0.03,19,878,18.0
0.03,19,985,16.0
0.03,19,1064,15.0
0.03,19,1097,14.0
0.03,19,1309,13.0
0.03,19,1753,12.0
0.03,19,1759,10.0
0.03,19,1916,8.0
0.03,19,1927,6.0
0.03,20,0,45.0
0.03,20,4,43.0
0.03,20,9,39.0
0.03,20,17,36.0
0.03,20,21,35.0
0.03,20,45,34.0
0.03,20,46,32.0
0.03,20,71,30.0
0.03,20,81,29.0
0.03,20,117,27.0
0.03,20,139,26.0
0.03,20,156,25.0
0.03,20,170,23.0
0.03,20,380,20.0
0.03,20,496,19.0
0.03,20,504,18.0
0.03,20,603,17.0
0.03,20,848,15.0
0.03,20,916,13.0
0.03,20,1078,11.0
0.03,20,1590,10.0
0.05,1,0,49.0
0.05,1,9,48.0
0.05,1,29,45.0
0.05,1,42,44.0
0.05,1,57,37.0
0.05,1,140,34.0
0.05,1,155,33.0
0.05,1,203,32.0
0.05,1,297,31.0
0.05,1,356,30.0
0.05,1,360,29.0
0.05,1,463,27.0
0.05,1,483,24.0
0.05,1,569,20.0
0.05,1,684,18.0
0.05,1,719,16.0
0.05,1,953,15.0
0.05,1,1384,14.0
0.05,1,1497,13.0
0.05,2,0,56.0
0.05,2,3,49.0
0.05,2,8,45.0
0.05,2,13,44.0
0.05,2,20,42.0
0.05,2,23,41.0
0.05,2,24,39.0
0.05,2,46,37.0
0.05,2,77,35.0
0.05,2,96,34.0
0.05,2,98,31.0
0.05,2,128,30.0
0.05,2,131,29.0
0.05,2,136,28.0
0.05,2,159,26.0
0.05,2,161,25.0
0.05,2,167,23.0
0.05,2,411,22.0
0.05,2,421,21.0
0.05,2,489,20.0
0.05,2,732,19.0
0.05,2,748,18.0
0.05,2,839,15.0
0.05,2,938,14.0
0.05,2,961,13.0
0.05,2,990,12.0
0.05,2,1078,9.0
0.05,2,1156,8.0
0.05,2,1722,7.0
0.05,3,0,47.0
0.05,3,5,44.0
0.05,3,25,42.0
0.05,3,33,37.0
0.05,3,73,36.0
0.05,3,85,35.0
0.05,3,97,34.0
0.05,3,105,33.0
0.05,3,122,32.0
0.05,3,184,30.0
0.05,3,223,29.0
0.05,3,241,26.0
0.05,3,311,25.0
0.05,3,354,21.0
0.05,3,448,20.0
0.05,3,836,19.0
0.05,3,910,18.0
0.05,3,963,16.0
0.05,3,1178,14.0
0.05,3,1531,13.0
0.05,3,1547,12.0
0.05,4,0,53.0
0.05,4,1,52.0
0.05,4,3,50.0
0.05,4,8,43.0
0.05,4,21,42.0
0.05,4,38,41.0
0.05,4,51,40.0
0.05,4,85,39.0
0.05,4,91,38.0
0.05,4,137,37.0
0.05,4,155,33.0
0.05,4,166,32.0
0.05,4,226,31.0
0.05,4,238,30.0
0.05,4,250,29.0
0.05,4,269,28.0
0.05,4,349,26.0
0.05,4,522,25.0
0.05,4,760,24.0
0.05,4,996,23.0
0.05,4,1003,21.0
0.05,4,1011,19.0
0.05,4,1097,17.0
0.05,4,1834,15.0
0.05,5,0,37.0
0.05,5,5,36.0
0.05,5,19,34.0
0.05,5,36,31.0
0.05,5,61,29.0
0.05,5,89,27.0
0.05,5,165,25.0
0.05,5,271,24.0
0.05,5,428,23.0
0.05,5,486,22.0
0.05,5,528,21.0
0.05,5,600,19.0
0.05,5,647,16.0
0.05,5,689,15.0
0.05,5,1137,14.0
0.05,5,1357,13.0
0.05,5,1522,12.0
0.05,6,0,49.0
0.05,6,4,47.0
0.05,6,8,44.0
0.05,6,11,40.0
0.05,6,12,36.0
0.05,6,22,35.0
0.05,6,25,34.0
0.05,6,46,33.0
0.05,6,59,30.0
0.05,6,88,29.0
0.05,6,128,25.0
0.05,6,145,24.0
0.05,6,208,22.0
0.05,6,240,21.0
0.05,6,520,19.0
0.05,6,926,18.0
0.05,6,1113,17.0
0.05,6,1456,16.0
0.05,6,1574,15.0
0.05,6,1756,13.0
0.05,6,1769,11.0
0.05,7,0,52.0
0.05,7,41,51.0
0.05,7,45,49.0
0.05,7,53,41.0
0.05,7,63,38.0
0.05,7,111,34.0
0.05,7,131,31.0
0.05,7,167,30.0
0.05,7,194,27.0
0.05,7,334,24.0
0.05,7,357,23.0
0.05,7,372,21.0
0.05,7,409,20.0
0.05,7,447,18.0
0.05,7,457,16.0
0.05,7,1069,14.0
0.05,7,1226,13.0
0.05,7,1362,11.0
0.05,7,1447,10.0
0.05,8,0,50.0
0.05,8,3,45.0
0.05,8,26,44.0
0.05,8,30,41.0
0.05,8,50,39.0
0.05,8,57,36.0
0.05,8,58,35.0
0.05,8,63,34.0
0.05,8,78,33.0
0.05,8,224,32.0
0.05,8,251,31.0
0.05,8,259,30.0
0.05,8,264,27.0
0.05,8,389,23.0
0.05,8,397,22.0
0.05,8,712,21.0
0.05,8,728,20.0
0.05,8,836,18.0
0.05,8,893,17.0
0.05,8,1097,16.0
0.05,8,1125,15.0
0.05,8,1785,14.0
0.05,8,1991,13.0
0.05,9,0,49.0
0.05,9,18,46.0
0.05,9,41,45.0
0.05,9,79,44.0
0.05,9,121,41.0
0.05,9,153,40.0
0.05,9,158,36.0
0.05,9,161,33.0
0.05,9,169,32.0
0.05,9,172,30.0
0.05,9,183,27.0
0.05,9,218,26.0
0.05,9,229,25.0
0.05,9,244,23.0
0.05,9,341,20.0
0.05,9,542,19.0
0.05,9,548,18.0
0.05,9,754,17.0
0.05,9,1069,15.0
0.05,9,1434,12.0
0.05,9,1567,11.0
0.05,9,1633,10.0
0.05,10,0,53.0
0.05,10,14,49.0
0.05,10,17,47.0
0.05,10,33,45.0
0.05,10,40,39.0
0.05,10,46,37.0
0.05,10,51,35.0
0.05,10,68,33.0
0.05,10,105,29.0
0.05,10,110,27.0
0.05,10,118,26.0
0.05,10,268,25.0
0.05,10,314,24.0
0.05,10,347,23.0
0.05,10,357,20.0
0.05,10,385,19.0
0.05,10,392,17.0
0.05,10,488,15.0
0.05,10,566,14.0
0.05,10,747,11.0
0.05,10,959,10.0
0.05,10,1347,9.0
0.05,10,1448,7.0
0.05,11,0,55.0
0.05,11,12,53.0
0.05,11,17,49.0
0.05,11,31,47.0
0.05,11,65,45.0
0.05,11,94,42.0
0.05,11,114,41.0
0.05,11,128,38.0
0.05,11,152,36.0
0.05,11,153,35.0
0.05,11,210,33.0
0.05,11,285,30.0
0.05,11,341,29.0
0.05,11,357,28.0
0.05,11,420,26.0
0.05,11,477,25.0
0.05,11,481,23.0
0.05,11,676,21.0
0.05,11,908,20.0
0.05,11,1043,19.0
0.05,11,1100,17.0
0.05,11,1351,16.0
0.05,11,1573,15.0
0.05,11,1750,14.0
0.05,11,1809,13.0
0.05,12,0,47.0
0.05,12,7,43.0
0.05,12,19,36.0
0.05,12,35,34.0
0.05,12,75,30.0
0.05,12,111,29.0
0.05,12,126,28.0
0.05,12,154,27.0
0.05,12,216,23.0
0.05,12,225,21.0
0.05,12,236,19.0
0.05,12,359,18.0
0.05,12,1054,16.0
0.05,12,1209,14.0
0.05,12,1247,13.0
0.05,12,1321,12.0
0.05,13,0,40.0
0.05,13,19,37.0
0.05,13,22,35.0
0.05,13,32,33.0
0.05,13,53,32.0
0.05,13,59,31.0
0.05,13,95,28.0
0.05,13,104,27.0
0.05,13,152,26.0
0.05,13,314,23.0
0.05,13,434,22.0
0.05,13,442,21.0
0.05,13,509,18.0
0.05,13,547,17.0
0.05,13,634,16.0
0.05,13,676,15.0
0.05,13,814,14.0
0.05,13,866,12.0
0.05,13,943,9.0
0.05,13,1598,8.0
0.05,13,1726,5.0
0.05,13,1821,2.0
0.05,14,0,46.0
0.05,14,5,44.0
0.05,14,19,41.0
0.05,14,37,40.0
0.05,14,46,37.0
0.05,14,55,34.0
0.05,14,60,31.0
0.05,14,86,30.0
0.05,14,168,29.0
0.05,14,257,28.0
0.05,14,319,27.0
0.05,14,405,22.0
0.05,14,1001,21.0
0.05,14,1353,20.0
0.05,14,1379,19.0
0.05,14,1574,18.0
0.05,14,1983,16.0
0.05,15,0,47.0
0.05,15,15,44.0
0.05,15,60,40.0
0.05,15,80,34.0
0.05,15,107,33.0
0.05,15,133,32.0
0.05,15,136,29.0
0.05,15,137,28.0
0.05,15,139,27.0
0.05,15,201,26.0
0.05,15,212,24.0
0.05,15,286,23.0
0.05,15,325,20.0
0.05,15,378,18.0
0.05,15,446,17.0
0.05,15,546,16.0
0.05,15,1094,15.0
0.05,15,1218,13.0
0.05,15,1828,12.0
0.05,15,1978,11.0
0.05,16,0,49.0
0.05,16,25,47.0
0.05,16,37,45.0
0.05,16,41,44.0
0.05,16,46,42.0
0.05,16,69,41.0
0.05,16,103,40.0
0.05,16,104,35.0
0.05,16,130,32.0
0.05,16,144,31.0
0.05,16,181,28.0
0.05,16,194,27.0
0.05,16,369,26.0
0.05,16,412,25.0
0.05,16,445,24.0
0.05,16,499,23.0
0.05,16,771,22.0
0.05,16,806,19.0
0.05,16,1061,18.0
0.05,16,1192,17.0
0.05,16,1218,16.0
0.05,16,1504,15.0
0.05,16,1797,14.0
0.05,17,0,43.0
0.05,17,1,41.0
0.05,17,4,31.0
0.05,17,39,26.0
0.05,17,220,25.0
0.05,17,230,24.0
0.05,17,395,23.0
0.05,17,406,21.0
0.05,17,485,20.0
0.05,17,837,19.0
0.05,17,980,18.0
0.05,17,1001,16.0
0.05,17,1336,14.0
0.05,17,1343,13.0
0.05,17,1414,12.0
0.05,17,1727,11.0
0.05,17,1945,10.0
0.05,18,0,48.0
0.05,18,7,47.0
0.05,18,18,45.0
0.05,18,38,42.0
0.05,18,61,41.0
0.05,18,102,39.0
0.05,18,121,37.0
0.05,18,163,33.0
0.05,18,205,32.0
0.05,18,242,31.0
0.05,18,333,29.0
0.05,18,352,27.0
0.05,18,505,25.0
0.05,18,599,24.0
0.05,18,618,22.0
0.05,18,690,21.0
0.05,18,722,20.0
0.05,18,846,19.0
0.05,18,987,18.0
0.05,18,1045,17.0
0.05,18,1199,15.0
0.05,18,1447,13.0
0.05,18,1588,12.0
0.05,19,0,55.0
0.05,19,1,53.0
0.05,19,38,52.0
0.05,19,40,51.0
0.05,19,58,49.0
0.05,19,60,38.0
0.05,19,67,37.0
0.05,19,110,36.0
0.05,19,128,35.0
0.05,19,218,34.0
0.05,19,226,33.0
0.05,19,239,32.0
0.05,19,248,31.0
0.05,19,251,30.0
0.05,19,260,29.0
0.05,19,294,23.0
0.05,19,338,20.0
0.05,19,509,19.0
0.05,19,714,17.0
0.05,19,817,16.0
0.05,19,1031,14.0
0.05,19,1079,11.0
0.05,19,1577,10.0
0.05,19,1979,9.0
0.05,20,0,50.0
0.05,20,22,46.0
0.05,20,36,44.0
0.05,20,101,43.0
0.05,20,106,40.0
0.05,20,119,38.0
0.05,20,172,37.0
0.05,20,210,35.0
0.05,20,229,30.0
0.05,20,233,29.0
0.05,20,254,26.0
0.05,20,281,24.0
0.05,20,340,23.0
0.05,20,368,21.0
0.05,20,417,20.0
0.05,20,535,18.0
0.05,20,1104,17.0
0.05,20,1147,15.0
0.05,20,1310,13.0
0.05,20,1338,12.0
0.05,20,1618,11.0
0.05,20,1642,10.0
0.1,1,0,52.0
0.1,1,11,49.0
0.1,1,30,47.0
0.1,1,32,45.0
0.1,1,44,43.0
0.1,1,45,42.0
0.1,1,94,40.0
0.1,1,118,39.0
0.1,1,140,37.0
0.1,1,141,36.0
0.1,1,161,33.0
0.1,1,229,30.0
0.1,1,234,29.0
0.1,1,298,27.0
0.1,1,525,26.0
0.1,1,540,23.0
0.1,1,643,21.0
0.1,1,807,20.0
0.1,1,975,19.0
0.1,1,1196,18.0
0.1,1,1594,17.0
0.1,1,1816,16.0
0.1,2,0,56.0
0.1,2,7,48.0
0.1,2,18,45.0
0.1,2,20,42.0
0.1,2,21,40.0
0.1,2,27,39.0
0.1,2,60,36.0
0.1,2,65,35.0
0.1,2,99,32.0
0.1,2,194,30.0
0.1,2,197,29.0
0.1,2,264,27.0
0.1,2,583,25.0
0.1,2,693,21.0
0.1,2,1018,20.0
0.1,2,1041,19.0
0.1,2,1179,17.0
0.1,2,1714,16.0
0.1,2,1951,14.0
0.1,3,0,38.0
0.1,3,36,35.0
0.1,3,89,31.0
0.1,3,349,30.0
0.1,3,601,29.0
0.1,3,609,28.0
0.1,3,762,25.0
0.1,3,763,24.0
0.1,3,1169,23.0
0.1,3,1371,22.0
0.1,3,1538,19.0
0.1,4,0,44.0
0.1,4,10,38.0
0.1,4,30,33.0
0.1,4,52,30.0
0.1,4,90,28.0
0.1,4,97,27.0
0.1,4,104,25.0
0.1,4,205,24.0
0.1,4,228,22.0
0.1,4,442,21.0
0.1,4,447,19.0
0.1,4,937,18.0
0.1,4,1816,17.0
0.1,4,1869,16.0
0.1,4,1934,15.0
0.1,5,0,45.0
0.1,5,31,43.0
0.1,5,42,41.0
0.1,5,67,40.0
0.1,5,71,39.0
0.1,5,95,32.0
0.1,5,102,29.0
0.1,5,124,25.0
0.1,5,131,24.0
0.1,5,215,21.0
0.1,5,635,20.0
0.1,5,682,19.0
0.1,5,756,18.0
0.1,5,966,16.0
0.1,6,0,59.0
0.1,6,4,58.0
0.1,6,10,55.0
0.1,6,19,47.0
0.1,6,52,41.0
0.1,6,67,40.0
0.1,6,74,37.0
0.1,6,147,36.0
0.1,6,174,34.0
0.1,6,234,32.0
0.1,6,302,31.0
0.1,6,325,30.0
0.1,6,371,25.0
0.1,6,394,20.0
0.1,6,409,19.0
0.1,6,609,18.0
0.1,6,836,17.0
0.1,6,1025,14.0
0.1,7,0,48.0
0.1,7,5,47.0
0.1,7,21,46.0
0.1,7,36,44.0
0.1,7,47,41.0
0.1,7,58,39.0
0.1,7,64,38.0
0.1,7,97,36.0
0.1,7,100,35.0
0.1,7,111,34.0
0.1,7,145,29.0
0.1,7,195,26.0
0.1,7,213,24.0
0.1,7,757,23.0
0.1,7,880,22.0
0.1,7,889,19.0
0.1,7,1057,16.0
0.1,7,1252,15.0
0.1,8,0,52.0
0.1,8,5,44.0
0.1,8,6,40.0
0.1,8,27,39.0
0.1,8,28,38.0
0.1,8,67,34.0
0.1,8,89,33.0
0.1,8,127,29.0
0.1,8,181,25.0
0.1,8,212,24.0
0.1,8,314,21.0
0.1,8,319,20.0
0.1,8,326,19.0
0.1,8,533,15.0
0.1,9,0,52.0
0.1,9,13,50.0
0.1,9,19,49.0
0.1,9,35,42.0
0.1,9,62,40.0
0.1,9,87,39.0
0.1,9,89,38.0
0.1,9,149,35.0
0.1,9,197,32.0
0.1,9,203,31.0
0.1,9,286,30.0
0.1,9,303,28.0
0.1,9,337,26.0
0.1,9,442,23.0
0.1,9,546,20.0
0.1,9,879,19.0
0.1,9,1013,18.0
0.1,10,0,52.0
0.1,10,1,48.0
0.1,10,45,44.0
0.1,10,50,42.0
0.1,10,52,38.0
0.1,10,58,36.0
0.1,10,96,35.0
0.1,10,141,34.0
0.1,10,166,33.0
0.1,10,203,31.0
0.1,10,256,29.0
0.1,10,271,28.0
0.1,10,322,27.0
0.1,10,405,26.0
0.1,10,429,23.0
0.1,10,609,22.0
0.1,10,948,21.0
0.1,10,1340,19.0
0.1,10,1381,17.0
0.1,10,1384,13.0
0.1,11,0,51.0
0.1,11,17,49.0
0.1,11,22,41.0
0.1,11,39,40.0
0.1,11,45,35.0
0.1,11,62,33.0
0.1,11,77,31.0
0.1,11,103,30.0
0.1,11,153,29.0
0.1,11,161,28.0
0.1,11,210,27.0
0.1,11,263,24.0
0.1,11,274,22.0
0.1,11,310,20.0
0.1,11,348,19.0
0.1,11,474,18.0
0.1,11,577,17.0
0.1,11,642,13.0
0.1,12,0,50.0
0.1,12,1,49.0
0.1,12,18,48.0
0.1,12,19,44.0
0.1,12,24,43.0
0.1,12,30,41.0
0.1,12,42,39.0
0.1,12,74,37.0
0.1,12,96,36.0
0.1,12,108,35.0
0.1,12,126,34.0
0.1,12,145,32.0
0.1,12,443,30.0
0.1,12,446,28.0
0.1,12,566,25.0
0.1,12,654,24.0
0.1,12,660,23.0
0.1,12,1107,21.0
0.1,12,1457,20.0
0.1,12,1842,19.0
0.1,12,1863,17.0
0.1,13,0,53.0
0.1,13,8,52.0
0.1,13,14,46.0
0.1,13,27,42.0
0.1,13,32,37.0
0.1,13,96,32.0
0.1,13,100,31.0
0.1,13,225,28.0
0.1,13,269,27.0
0.1,13,353,24.0
0.1,13,362,23.0
0.1,13,365,22.0
0.1,13,433,21.0
0.1,13,635,19.0
0.1,13,1236,18.0
0.1,13,1562,17.0
0.1,13,1893,16.0
0.1,14,0,42.0
0.1,14,48,41.0
0.1,14,49,38.0
0.1,14,185,36.0
0.1,14,186,35.0
0.1,14,198,33.0
0.1,14,208,32.0
0.1,14,326,31.0
0.1,14,334,27.0
0.1,14,349,24.0
0.1,14,574,23.0
0.1,14,577,21.0
0.1,14,698,20.0
0.1,14,955,19.0
0.1,14,1126,18.0
0.1,14,1329,17.0
0.1,14,1458,16.0
0.1,15,0,38.0
0.1,15,31,36.0
0.1,15,60,35.0
0.1,15,66,34.0
0.1,15,95,32.0
0.1,15,245,30.0
0.1,15,250,29.0
0.1,15,310,27.0
0.1,15,379,26.0
0.1,15,512,25.0
0.1,15,524,24.0
0.1,15,686,23.0
0.1,15,819,21.0
0.1,16,0,55.0
0.1,16,7,53.0
0.1,16,9,45.0
0.1,16,49,44.0
0.1,16,58,43.0
0.1,16,61,42.0
0.1,16,75,40.0
0.1,16,78,38.0
0.1,16,89,35.0
0.1,16,90,34.0
0.1,16,123,33.0
0.1,16,290,32.0
0.1,16,297,31.0
0.1,16,380,30.0
0.1,16,382,27.0
0.1,16,428,24.0
0.1,16,442,22.0
0.1,16,733,19.0
0.1,16,752,17.0
0.1,16,1450,16.0
0.1,17,0,51.0
0.1,17,9,49.0
0.1,17,10,47.0
0.1,17,47,44.0
0.1,17,68,42.0
0.1,17,95,41.0
0.1,17,98,39.0
0.1,17,118,37.0
0.1,17,147,33.0
0.1,17,149,32.0
0.1,17,161,30.0
0.1,17,413,27.0
0.1,17,573,25.0
0.1,17,731,20.0
0.1,17,888,18.0
0.1,17,982,16.0
0.1,17,1461,15.0
0.1,17,1468,13.0
0.1,17,1818,12.0
0.1,17,1923,10.0
0.1,18,0,67.0
0.1,18,5,63.0
0.1,18,22,62.0
0.1,18,23,61.0
0.1,18,26,52.0
0.1,18,44,51.0
0.1,18,58,47.0
0.1,18,59,43.0
0.1,18,70,42.0
0.1,18,102,35.0
0.1,18,104,34.0
0.1,18,204,32.0
0.1,18,215,26.0
0.1,18,235,25.0
0.1,18,553,23.0
0.1,18,906,20.0
0.1,18,935,19.0
0.1,18,1001,18.0
0.1,18,1015,15.0
0.1,18,1639,13.0
0.1,19,0,54.0
0.1,19,1,48.0
0.1,19,16,46.0
0.1,19,18,41.0
0.1,19,30,40.0
0.1,19,84,36.0
0.1,19,99,32.0
0.1,19,138,30.0
0.1,19,260,28.0
0.1,19,796,27.0
0.1,19,916,21.0
0.1,19,990,20.0
0.1,19,1891,19.0
0.1,19,1898,18.0
0.1,20,0,48.0
0.1,20,17,46.0
0.1,20,18,45.0
0.1,20,30,44.0
0.1,20,37,43.0
0.1,20,44,36.0
0.1,20,60,33.0
0.1,20,107,30.0
0.1,20,213,29.0
0.1,20,217,28.0
0.1,20,225,25.0
0.1,20,265,24.0
0.1,20,331,23.0
0.1,20,619,22.0
0.1,20,884,20.0
0.1,20,1057,19.0
0.1,20,1222,18.0
0.2,1,0,45.0
0.2,1,15,40.0
0.2,1,33,39.0
0.2,1,53,38.0
0.2,1,172,33.0
0.2,1,178,32.0
0.2,1,268,30.0
0.2,1,353,28.0
0.2,1,452,26.0
0.2,1,694,25.0
0.2,1,931,23.0
0.2,1,1722,22.0
0.2,1,1921,21.0
0.2,2,0,49.0
0.2,2,15,43.0
0.2,2,22,38.0
0.2,2,35,37.0
0.2,2,73,36.0
0.2,2,102,33.0
0.2,2,744,28.0
0.2,2,921,27.0
0.2,2,970,26.0
0.2,2,1970,24.0
0.2,3,0,47.0
0.2,3,1,46.0
0.2,3,5,42.0
0.2,3,6,39.0
0.2,3,11,38.0
0.2,3,37,36.0
0.2,3,79,34.0
0.2,3,350,33.0
0.2,3,753,32.0
0.2,3,779,31.0
0.2,3,835,29.0
0.2,3,841,28.0
0.2,3,885,26.0
0.2,3,1471,24.0
0.2,4,0,53.0
0.2,4,10,42.0
0.2,4,79,41.0
0.2,4,85,37.0
0.2,4,106,36.0
0.2,4,213,26.0
0.2,4,248,24.0
0.2,4,1008,23.0
0.2,4,1586,21.0
0.2,5,0,46.0
0.2,5,23,44.0
0.2,5,86,42.0
0.2,5,134,40.0
0.2,5,254,38.0
0.2,5,278,34.0
0.2,5,312,33.0
0.2,5,352,29.0
0.2,5,400,25.0
0.2,5,1715,23.0
0.2,6,0,59.0
0.2,6,1,55.0
0.2,6,11,48.0
0.2,6,24,41.0
0.2,6,128,38.0
0.2,6,177,35.0
0.2,6,235,34.0
0.2,6,334,32.0
0.2,6,365,30.0
0.2,6,571,28.0
0.2,6,1159,26.0
0.2,6,1485,23.0
0.2,7,0,53.0
0.2,7,6,52.0
0.2,7,12,48.0
0.2,7,14,46.0
0.2,7,108,44.0
0.2,7,112,43.0
0.2,7,230,41.0
0.2,7,259,35.0
0.2,7,304,32.0
0.2,7,367,30.0
0.2,7,682,29.0
0.2,7,904,22.0
0.2,8,0,64.0
0.2,8,1,60.0
0.2,8,3,57.0
0.2,8,4,52.0
0.2,8,16,49.0
0.2,8,66,48.0
0.2,8,93,46.0
0.2,8,126,42.0
0.2,8,203,39.0
0.2,8,239,35.0
0.2,8,300,34.0
0.2,8,310,33.0
0.2,8,332,31.0
0.2,8,354,30.0
0.2,8,598,28.0
0.2,8,1254,27.0
0.2,9,0,57.0
0.2,9,13,53.0
0.2,9,19,45.0
0.2,9,107,37.0
0.2,9,113,33.0
0.2,9,127,30.0
0.2,9,164,29.0
0.2,9,785,28.0
0.2,9,1820,23.0
0.2,10,0,52.0
0.2,10,4,50.0
0.2,10,5,49.0
0.2,10,32,48.0
0.2,10,47,44.0
0.2,10,62,43.0
0.2,10,69,42.0
0.2,10,93,36.0
0.2,10,131,35.0
0.2,10,181,28.0
0.2,10,272,26.0
0.2,10,953,25.0
0.2,11,0,42.0
0.2,11,5,41.0
0.2,11,20,35.0
0.2,11,132,34.0
0.2,11,341,30.0
0.2,11,355,28.0
0.2,11,904,24.0
0.2,12,0,54.0
0.2,12,1,46.0
0.2,12,58,41.0
0.2,12,82,40.0
0.2,12,91,38.0
0.2,12,137,35.0
0.2,12,365,31.0
0.2,12,421,30.0
0.2,12,501,28.0
0.2,12,1085,27.0
0.2,12,1276,25.0
0.2,12,1363,24.0
0.2,12,1431,21.0
0.2,13,0,48.0
0.2,13,6,45.0
0.2,13,9,38.0
0.2,13,101,37.0
0.2,13,103,36.0
0.2,13,123,32.0
0.2,13,158,31.0
0.2,13,419,30.0
0.2,13,615,28.0
0.2,13,717,25.0
0.2,14,0,47.0
0.2,14,17,44.0
0.2,14,94,41.0
0.2,14,99,38.0
0.2,14,101,36.0
0.2,14,193,34.0
0.2,14,216,32.0
0.2,14,261,31.0
0.2,14,507,30.0
0.2,14,542,29.0
0.2,14,591,27.0
0.2,14,849,25.0
0.2,14,918,24.0
0.2,14,1620,20.0
0.2,15,0,53.0
0.2,15,1,52.0
0.2,15,2,50.0
0.2,15,14,43.0
0.2,15,22,39.0
0.2,15,52,37.0
0.2,15,63,36.0
0.2,15,397,31.0
0.2,15,437,30.0
0.2,15,619,28.0
0.2,15,1583,27.0
0.2,15,1847,26.0
0.2,16,0,46.0
0.2,16,20,43.0
0.2,16,34,35.0
0.2,16,64,33.0
0.2,16,196,30.0
0.2,16,565,28.0
0.2,16,1088,27.0
0.2,17,0,54.0
0.2,17,2,52.0
0.2,17,32,46.0
0.2,17,41,41.0
0.2,17,84,40.0
0.2,17,168,34.0
0.2,17,194,33.0
0.2,17,215,32.0
0.2,17,1232,31.0
0.2,17,1263,28.0
0.2,17,1987,27.0
0.2,18,0,53.0
0.2,18,1,52.0
0.2,18,9,51.0
0.2,18,16,48.0
0.2,18,28,46.0
0.2,18,29,43.0
0.2,18,35,39.0
0.2,18,56,36.0
0.2,18,108,35.0
0.2,18,112,33.0
0.2,18,401,31.0
0.2,18,410,25.0
0.2,18,411,21.0
0.2,18,722,20.0
0.2,18,1298,19.0
0.2,19,0,48.0
0.2,19,1,46.0
0.2,19,20,45.0
0.2,19,44,43.0
0.2,19,79,40.0
0.2,19,81,38.0
0.2,19,164,37.0
0.2,19,203,36.0
0.2,19,254,34.0
0.2,19,261,31.0
0.2,19,322,29.0
0.2,19,1533,28.0
0.2,19,1762,25.0
0.2,19,1860,21.0
0.2,20,0,44.0
0.2,20,12,43.0
0.2,20,37,42.0
0.2,20,47,38.0
0.2,20,68,31.0
0.2,20,704,26.0
0.2,20,1214,24.0
0.5,1,0,50.0
0.5,1,3,41.0
0.5,1,78,39.0
0.5,1,641,38.0
0.5,1,786,36.0
0.5,1,1918,29.0
0.5,2,0,54.0
0.5,2,1,39.0
0.5,2,57,36.0
0.5,2,1761,35.0
0.5,3,0,58.0
0.5,3,7,49.0
0.5,3,8,48.0
0.5,3,10,46.0
0.5,3,22,43.0
0.5,3,143,37.0
0.5,3,1109,35.0
0.5,3,1716,34.0
0.5,4,0,53.0
0.5,4,4,52.0
0.5,4,32,50.0
0.5,4,52,42.0
0.5,4,225,38.0
0.5,4,750,37.0
0.5,4,1226,33.0
0.5,5,0,50.0
0.5,5,1,49.0
0.5,5,22,48.0
0.5,5,131,46.0
0.5,5,262,43.0
0.5,5,318,42.0
0.5,5,570,41.0
0.5,5,613,40.0
0.5,5,1149,36.0
0.5,6,0,47.0
0.5,6,13,46.0
0.5,6,37,44.0
0.5,6,117,42.0
0.5,6,193,37.0
0.5,6,364,31.0
0.5,7,0,51.0
0.5,7,24,50.0
0.5,7,29,46.0
0.5,7,128,45.0
0.5,7,173,41.0
0.5,7,217,39.0
0.5,7,301,38.0
0.5,7,1431,36.0
0.5,8,0,53.0
0.5,8,10,51.0
0.5,8,35,45.0
0.5,8,112,40.0
0.5,8,666,39.0
0.5,8,880,37.0
0.5,8,1308,32.0
0.5,9,0,59.0
0.5,9,4,54.0
0.5,9,6,51.0
0.5,9,49,45.0
0.5,9,109,44.0
0.5,9,192,43.0
0.5,9,195,39.0
0.5,9,370,38.0
0.5,9,482,36.0
0.5,9,773,32.0
0.5,9,885,29.0
0.5,10,0,44.0
0.5,10,33,42.0
0.5,10,570,41.0
0.5,10,754,40.0
0.5,10,1492,35.0
0.5,11,0,48.0
0.5,11,65,46.0
0.5,11,79,44.0
0.5,11,235,40.0
0.5,11,917,38.0
0.5,11,1182,37.0
0.5,12,0,45.0
0.5,12,4,43.0
0.5,12,393,41.0
0.5,12,616,40.0
0.5,12,818,33.0
0.5,13,0,50.0
0.5,13,10,45.0
0.5,13,21,43.0
0.5,13,89,34.0
0.5,14,0,55.0
0.5,14,2,52.0
0.5,14,60,46.0
0.5,14,81,36.0
0.5,14,181,32.0
0.5,15,0,53.0
0.5,15,50,41.0
0.5,15,115,37.0
0.5,16,0,51.0
0.5,16,80,47.0
0.5,16,82,44.0
0.5,16,102,43.0
0.5,16,108,39.0
0.5,16,566,38.0
0.5,17,0,50.0
0.5,17,52,45.0
0.5,17,74,44.0
0.5,17,217,42.0
0.5,17,281,41.0
0.5,17,1042,40.0
0.5,17,1109,38.0
0.5,17,1977,34.0
0.5,18,0,44.0
0.5,18,211,43.0
0.5,18,290,38.0
0.5,18,563,37.0
0.5,18,826,36.0
0.5,19,0,42.0
0.5,19,30,41.0
0.5,19,237,37.0
0.5,19,1732,36.0
0.5,20,0,58.0
0.5,20,16,56.0
0.5,20,35,54.0
0.5,20,53,44.0
0.5,20,155,38.0
0.5,20,1290,34.0
