problema,configuracion,x,y_real,y_pred
problema_1,P100_G250_PC0.8_PM0.15_DI5,-1.0,-0.017644713632929156,-0.0
problema_1,P100_G250_PC0.8_PM0.15_DI5,-0.9,-0.02558824202858947,-0.0
problema_1,P100_G250_PC0.8_PM0.15_DI5,-0.8,-0.036096273740338136,-0.0
problema_1,P100_G250_PC0.8_PM0.15_DI5,-0.7,-0.04939878179500954,-0.0
problema_1,P100_G250_PC0.8_PM0.15_DI5,-0.6,-0.06535269465328784,-0.05502194410626099
problema_1,P100_G250_PC0.8_PM0.15_DI5,-0.5,-0.08318123148537972,-0.06479966644132365
problema_1,P100_G250_PC0.8_PM0.15_DI5,-0.3999999999999999,-0.10117623143230443,-0.049519760846194846
problema_1,P100_G250_PC0.8_PM0.15_DI5,-0.29999999999999993,-0.11642461452379059,-0.0279846144424628
problema_1,P100_G250_PC0.8_PM0.15_DI5,-0.19999999999999996,-0.12465823301385431,-0.010423424108667563
problema_1,P100_G250_PC0.8_PM0.15_DI5,-0.09999999999999998,-0.12035404451111473,-0.0015950137216976057
problema_1,P100_G250_PC0.8_PM0.15_DI5,0.0,-0.09720887469821693,-0.0
problema_1,P100_G250_PC0.8_PM0.15_DI5,0.10000000000000009,-0.04906066805571174,0.006924806964036857
problema_1,P100_G250_PC0.8_PM0.15_DI5,0.20000000000000018,0.028782176863339837,0.04637970423146107
problema_1,P100_G250_PC0.8_PM0.15_DI5,0.30000000000000004,0.13799580351838303,0.1332431889588139
problema_1,P100_G250_PC0.8_PM0.15_DI5,0.40000000000000013,0.27582818584891255,0.26596246417455455
problema_1,P100_G250_PC0.8_PM0.15_DI5,0.5,0.43426053635386197,0.42980969752733306
problema_1,P100_G250_PC0.8_PM0.15_DI5,0.6000000000000001,0.6001542851811706,0.6034012877944477
problema_1,P100_G250_PC0.8_PM0.15_DI5,0.7000000000000002,0.7566092375513161,0.7647259867128607
problema_1,P100_G250_PC0.8_PM0.15_DI5,0.8,0.8854432536209486,0.894667490332
problema_1,P100_G250_PC0.8_PM0.15_DI5,0.9000000000000001,0.9703475128643426,0.9784469368445804
problema_1,P100_G250_PC0.8_PM0.15_DI5,1.0,1.0,1.0063938568344588
problema_1,P100_G250_PC0.8_PM0.15_DI5,1.1,0.9703475128643425,0.9749042212357919
problema_1,P100_G250_PC0.8_PM0.15_DI5,1.2000000000000002,0.8854432536209481,0.8873727104486012
problema_1,P100_G250_PC0.8_PM0.15_DI5,1.3000000000000003,0.7566092375513155,0.7542691765198276
problema_1,P100_G250_PC0.8_PM0.15_DI5,1.4000000000000004,0.6001542851811699,0.591721312850488
problema_1,P100_G250_PC0.8_PM0.15_DI5,1.5,0.43426053635386197,0.4186898688828795
problema_1,P100_G250_PC0.8_PM0.15_DI5,1.6,0.2758281858489121,0.25351884363923166
problema_1,P100_G250_PC0.8_PM0.15_DI5,1.7000000000000002,0.1379958035183828,0.1108912713575433
problema_1,P100_G250_PC0.8_PM0.15_DI5,1.8000000000000003,0.028782176863339393,-3.2797934697510856e-05
problema_1,P100_G250_PC0.8_PM0.15_DI5,1.9000000000000004,-0.04906066805571202,-0.07603677780978069
problema_1,P100_G250_PC0.8_PM0.15_DI5,2.0,-0.09720887469821693,-0.1190470826076699
problema_1,P100_G250_PC0.8_PM0.15_DI5,2.1,-0.12035404451111473,-0.13459629604316062
problema_1,P100_G250_PC0.8_PM0.15_DI5,2.2,-0.1246582330138543,-0.13006570444209156
problema_1,P100_G250_PC0.8_PM0.15_DI5,2.3000000000000003,-0.11642461452379055,-0.11310275843455703
problema_1,P100_G250_PC0.8_PM0.15_DI5,2.4000000000000004,-0.10117623143230435,-0.09043578554052552
problema_1,P100_G250_PC0.8_PM0.15_DI5,2.5,-0.08318123148537972,-0.06714873974804542
problema_1,P100_G250_PC0.8_PM0.15_DI5,2.6,-0.06535269465328784,-0.046355004901749146
problema_1,P100_G250_PC0.8_PM0.15_DI5,2.7,-0.049398781795009505,-0.029076845514687973
problema_1,P100_G250_PC0.8_PM0.15_DI5,2.8000000000000003,-0.03609627374033811,-0.01338450764411641
problema_1,P100_G250_PC0.8_PM0.15_DI5,2.9000000000000004,-0.025588242028589437,-0.0
problema_1,P100_G250_PC0.8_PM0.15_DI5,3.0,-0.017644713632929156,-0.0
problema_2,P100_G150_PC0.8_PM0.15_DI5,0.0,0.0,0.0
problema_2,P100_G150_PC0.8_PM0.15_DI5,0.1,0.31622776601683794,0.31622776601683794
problema_2,P100_G150_PC0.8_PM0.15_DI5,0.2,0.4472135954999579,0.4472135954999579
problema_2,P100_G150_PC0.8_PM0.15_DI5,0.30000000000000004,0.5477225575051662,0.5477225575051662
problema_2,P100_G150_PC0.8_PM0.15_DI5,0.4,0.6324555320336759,0.6324555320336759
problema_2,P100_G150_PC0.8_PM0.15_DI5,0.5,0.7071067811865476,0.7071067811865476
problema_2,P100_G150_PC0.8_PM0.15_DI5,0.6000000000000001,0.7745966692414834,0.7745966692414834
problema_2,P100_G150_PC0.8_PM0.15_DI5,0.7000000000000001,0.8366600265340756,0.8366600265340756
problema_2,P100_G150_PC0.8_PM0.15_DI5,0.8,0.8944271909999159,0.8944271909999159
problema_2,P100_G150_PC0.8_PM0.15_DI5,0.9,0.9486832980505138,0.9486832980505138
problema_2,P100_G150_PC0.8_PM0.15_DI5,1.0,1.0,1.0
problema_2,P100_G150_PC0.8_PM0.15_DI5,1.1,1.0488088481701516,1.0488088481701516
problema_2,P100_G150_PC0.8_PM0.15_DI5,1.2000000000000002,1.0954451150103324,1.0954451150103324
problema_2,P100_G150_PC0.8_PM0.15_DI5,1.3,1.140175425099138,1.140175425099138
problema_2,P100_G150_PC0.8_PM0.15_DI5,1.4000000000000001,1.1832159566199232,1.1832159566199232
problema_2,P100_G150_PC0.8_PM0.15_DI5,1.5,1.224744871391589,1.224744871391589
problema_2,P100_G150_PC0.8_PM0.15_DI5,1.6,1.2649110640673518,1.2649110640673518
problema_2,P100_G150_PC0.8_PM0.15_DI5,1.7000000000000002,1.3038404810405297,1.3038404810405297
problema_2,P100_G150_PC0.8_PM0.15_DI5,1.8,1.3416407864998738,1.3416407864998738
problema_2,P100_G150_PC0.8_PM0.15_DI5,1.9000000000000001,1.3784048752090223,1.3784048752090223
problema_2,P100_G150_PC0.8_PM0.15_DI5,2.0,1.4142135623730951,1.4142135623730951
problema_2,P100_G150_PC0.8_PM0.15_DI5,2.1,1.449137674618944,1.449137674618944
problema_2,P100_G150_PC0.8_PM0.15_DI5,2.2,1.4832396974191326,1.4832396974191326
problema_2,P100_G150_PC0.8_PM0.15_DI5,2.3000000000000003,1.5165750888103102,1.5165750888103102
problema_2,P100_G150_PC0.8_PM0.15_DI5,2.4000000000000004,1.5491933384829668,1.5491933384829668
problema_2,P100_G150_PC0.8_PM0.15_DI5,2.5,1.5811388300841898,1.5811388300841898
problema_2,P100_G150_PC0.8_PM0.15_DI5,2.6,1.61245154965971,1.61245154965971
problema_2,P100_G150_PC0.8_PM0.15_DI5,2.7,1.6431676725154984,1.6431676725154984
problema_2,P100_G150_PC0.8_PM0.15_DI5,2.8000000000000003,1.6733200530681511,1.6733200530681511
problema_2,P100_G150_PC0.8_PM0.15_DI5,2.9000000000000004,1.7029386365926402,1.7029386365926402
problema_2,P100_G150_PC0.8_PM0.15_DI5,3.0,1.7320508075688772,1.7320508075688772
problema_2,P100_G150_PC0.8_PM0.15_DI5,3.1,1.760681686165901,1.760681686165901
problema_2,P100_G150_PC0.8_PM0.15_DI5,3.2,1.7888543819998317,1.7888543819998317
problema_2,P100_G150_PC0.8_PM0.15_DI5,3.3000000000000003,1.8165902124584952,1.8165902124584952
problema_2,P100_G150_PC0.8_PM0.15_DI5,3.4000000000000004,1.8439088914585775,1.8439088914585775
problema_2,P100_G150_PC0.8_PM0.15_DI5,3.5,1.8708286933869707,1.8708286933869707
problema_2,P100_G150_PC0.8_PM0.15_DI5,3.6,1.8973665961010275,1.8973665961010275
problema_2,P100_G150_PC0.8_PM0.15_DI5,3.7,1.9235384061671346,1.9235384061671346
problema_2,P100_G150_PC0.8_PM0.15_DI5,3.8000000000000003,1.949358868961793,1.949358868961793
problema_2,P100_G150_PC0.8_PM0.15_DI5,3.9000000000000004,1.97484176581315,1.97484176581315
problema_2,P100_G150_PC0.8_PM0.15_DI5,4.0,2.0,2.0
problema_3,P100_G150_PC0.8_PM0.15_DI5,0.0,0.0,0.06494251038155416
problema_3,P100_G150_PC0.8_PM0.15_DI5,0.1,0.17976344431953514,0.2385258577339541
problema_3,P100_G150_PC0.8_PM0.15_DI5,0.2,0.3188287726607408,0.37199920309220524
problema_3,P100_G150_PC0.8_PM0.15_DI5,0.30000000000000004,0.41829743246183443,0.4664080274493013
problema_3,P100_G150_PC0.8_PM0.15_DI5,0.4,0.4808581678757144,0.5243904344243477
problema_3,P100_G150_PC0.8_PM0.15_DI5,0.5,0.5103779515445728,0.5497675752096914
problema_3,P100_G150_PC0.8_PM0.15_DI5,0.6000000000000001,0.5115138956732544,0.5471551010478085
problema_3,P100_G150_PC0.8_PM0.15_DI5,0.7000000000000001,0.48935985353748196,0.5216093497842827
problema_3,P100_G150_PC0.8_PM0.15_DI5,0.8,0.4491373716135583,0.4783179225304739
problema_3,P100_G150_PC0.8_PM0.15_DI5,0.9,0.39593689992533637,0.42234055427386513
problema_3,P100_G150_PC0.8_PM0.15_DI5,1.0,0.33451182923926226,0.358402843666699
problema_3,P100_G150_PC0.8_PM0.15_DI5,1.1,0.2691250741054271,0.2907425579142088
problema_3,P100_G150_PC0.8_PM0.15_DI5,1.2000000000000002,0.20344560034181325,0.22300590857578545
problema_3,P100_G150_PC0.8_PM0.15_DI5,1.3,0.14049051317399683,0.15818941197241176
problema_3,P100_G150_PC0.8_PM0.15_DI5,1.4000000000000001,0.08260706078486106,0.09862168667569858
problema_3,P100_G150_PC0.8_PM0.15_DI5,1.5,0.03148812999854588,0.04597876274042313
problema_3,P100_G150_PC0.8_PM0.15_DI5,1.6,-0.011785536298949018,0.0013261304169185262
problema_3,P100_G150_PC0.8_PM0.15_DI5,1.7000000000000002,-0.04668314905858101,-0.0348192224012474
problema_3,P100_G150_PC0.8_PM0.15_DI5,1.8,-0.07314813729196273,-0.062413212527572995
problema_3,P100_G150_PC0.8_PM0.15_DI5,1.9000000000000001,-0.09151473990877614,-0.08180137830215543
problema_3,P100_G150_PC0.8_PM0.15_DI5,2.0,-0.10242208005667372,-0.09363306702008942
problema_3,P100_G150_PC0.8_PM0.15_DI5,2.1,-0.10673005604160185,-0.09877742817849453
problema_3,P100_G150_PC0.8_PM0.15_DI5,2.2,-0.10544051529110539,-0.09824468002885053
problema_3,P100_G150_PC0.8_PM0.15_DI5,2.3000000000000003,-0.09962631104204349,-0.09311525004273269
problema_3,P100_G150_PC0.8_PM0.15_DI5,2.4000000000000004,-0.09037001445293563,-0.08447856282964462
problema_3,P100_G150_PC0.8_PM0.15_DI5,2.5,-0.07871329776614687,-0.07338249189084446
problema_3,P100_G150_PC0.8_PM0.15_DI5,2.6,-0.0656173384704482,-0.06079382584618864
problema_3,P100_G150_PC0.8_PM0.15_DI5,2.7,-0.051934033613270085,-0.047569538904471215
problema_3,P100_G150_PC0.8_PM0.15_DI5,2.8000000000000003,-0.03838736378222661,-0.03443820565888543
problema_3,P100_G150_PC0.8_PM0.15_DI5,2.9000000000000004,-0.02556390795656951,-0.021990561916829746
problema_3,P100_G150_PC0.8_PM0.15_DI5,3.0,-0.013911278511870687,-0.010677981307523536
problema_3,P100_G150_PC0.8_PM0.15_DI5,3.1,-0.003743111324285247,-0.000817503030160885
problema_3,P100_G150_PC0.8_PM0.15_DI5,3.2,0.00475080246163221,0.0073980023166722855
problema_3,P100_G150_PC0.8_PM0.15_DI5,3.3000000000000003,0.011490632262874508,0.013885917744734138
problema_3,P100_G150_PC0.8_PM0.15_DI5,3.4000000000000004,0.016490178258550182,0.018657522189415066
problema_3,P100_G150_PC0.8_PM0.15_DI5,3.5,0.019839276224836177,0.02180037011123587
problema_3,P100_G150_PC0.8_PM0.15_DI5,3.6,0.02168596042714984,0.023460431555845842
problema_3,P100_G150_PC0.8_PM0.15_DI5,3.7,0.022219233395907066,0.023824841270375707
problema_3,P100_G150_PC0.8_PM0.15_DI5,3.8000000000000003,0.021653110158111007,0.02310592424162342
problema_3,P100_G150_PC0.8_PM0.15_DI5,3.9000000000000004,0.020212425971870014,0.021526986516081665
problema_3,P100_G150_PC0.8_PM0.15_DI5,4.0,0.018120728376745072,0.01931019194542149
problema_4,P100_G150_PC0.8_PM0.25_DI5,2.0,-0.36651292058166435,-0.36651292058166435
problema_4,P100_G150_PC0.8_PM0.25_DI5,2.1,-0.2984904804456333,-0.2984904804456333
problema_4,P100_G150_PC0.8_PM0.25_DI5,2.2,-0.23767695094135335,-0.23767695094135335
problema_4,P100_G150_PC0.8_PM0.25_DI5,2.3,-0.1828307388830304,-0.1828307388830304
problema_4,P100_G150_PC0.8_PM0.25_DI5,2.4,-0.13299583622742633,-0.13299583622742633
problema_4,P100_G150_PC0.8_PM0.25_DI5,2.5,-0.08742157179075505,-0.08742157179075505
problema_4,P100_G150_PC0.8_PM0.25_DI5,2.6,-0.045508537322853454,-0.045508537322853454
problema_4,P100_G150_PC0.8_PM0.25_DI5,2.7,-0.006771099229587316,-0.006771099229587316
problema_4,P100_G150_PC0.8_PM0.25_DI5,2.8,0.029189236078010765,0.029189236078010765
problema_4,P100_G150_PC0.8_PM0.25_DI5,2.9,0.06270315381131708,0.06270315381131708
problema_4,P100_G150_PC0.8_PM0.25_DI5,3.0,0.0940478276166991,0.0940478276166991
problema_4,P100_G150_PC0.8_PM0.25_DI5,3.1,0.12345767018918652,0.12345767018918652
problema_4,P100_G150_PC0.8_PM0.25_DI5,3.2,0.1511325382214278,0.1511325382214278
problema_4,P100_G150_PC0.8_PM0.25_DI5,3.3,0.17724407858439586,0.17724407858439586
problema_4,P100_G150_PC0.8_PM0.25_DI5,3.4000000000000004,0.20194069636032624,0.20194069636032624
problema_4,P100_G150_PC0.8_PM0.25_DI5,3.5,0.22535148682596154,0.22535148682596154
problema_4,P100_G150_PC0.8_PM0.25_DI5,3.6,0.24758937869430037,0.24758937869430037
problema_4,P100_G150_PC0.8_PM0.25_DI5,3.7,0.2687536699421179,0.2687536699421179
problema_4,P100_G150_PC0.8_PM0.25_DI5,3.8,0.28893209090233557,0.28893209090233557
problema_4,P100_G150_PC0.8_PM0.25_DI5,3.9000000000000004,0.3082024958468684,0.3082024958468684
problema_4,P100_G150_PC0.8_PM0.25_DI5,4.0,0.32663425997828094,0.32663425997828094
problema_4,P100_G150_PC0.8_PM0.25_DI5,4.1,0.3442894408721884,0.3442894408721884
problema_4,P100_G150_PC0.8_PM0.25_DI5,4.2,0.36122375011753505,0.36122375011753505
problema_4,P100_G150_PC0.8_PM0.25_DI5,4.300000000000001,0.37748737091130774,0.37748737091130774
problema_4,P100_G150_PC0.8_PM0.25_DI5,4.4,0.3931256497837364,0.3931256497837364
problema_4,P100_G150_PC0.8_PM0.25_DI5,4.5,0.4081796848261184,0.4081796848261184
problema_4,P100_G150_PC0.8_PM0.25_DI5,4.6,0.4226868283120583,0.4226868283120583
problema_4,P100_G150_PC0.8_PM0.25_DI5,4.7,0.4366811181152756,0.4366811181152756
problema_4,P100_G150_PC0.8_PM0.25_DI5,4.800000000000001,0.45019364959260383,0.45019364959260383
problema_4,P100_G150_PC0.8_PM0.25_DI5,4.9,0.46325289744172116,0.46325289744172116
problema_4,P100_G150_PC0.8_PM0.25_DI5,5.0,0.47588499532711054,0.47588499532711054
problema_4,P100_G150_PC0.8_PM0.25_DI5,5.1,0.48811397969533005,0.48811397969533005
problema_4,P100_G150_PC0.8_PM0.25_DI5,5.2,0.4999620030965649,0.4999620030965649
problema_4,P100_G150_PC0.8_PM0.25_DI5,5.300000000000001,0.5114495214362035,0.5114495214362035
problema_4,P100_G150_PC0.8_PM0.25_DI5,5.4,0.5225954588537013,0.5225954588537013
problema_4,P100_G150_PC0.8_PM0.25_DI5,5.5,0.5334173533321656,0.5334173533321656
problema_4,P100_G150_PC0.8_PM0.25_DI5,5.6,0.543931485654338,0.543931485654338
problema_4,P100_G150_PC0.8_PM0.25_DI5,5.7,0.5541529939182037,0.5541529939182037
problema_4,P100_G150_PC0.8_PM0.25_DI5,5.800000000000001,0.5640959754919255,0.5640959754919255
problema_4,P100_G150_PC0.8_PM0.25_DI5,5.9,0.5737735780102541,0.5737735780102541
problema_4,P100_G150_PC0.8_PM0.25_DI5,6.0,0.5831980807826592,0.5831980807826592
problema_5,P100_G400_PC0.9_PM0.3_DI6,0.0,5.0,4.935439448370006
problema_5,P100_G400_PC0.9_PM0.3_DI6,0.1,4.117047186483521,4.064189473313103
problema_5,P100_G400_PC0.9_PM0.3_DI6,0.2,3.4391923599627168,3.3959161145448444
problema_5,P100_G400_PC0.9_PM0.3_DI6,0.30000000000000004,2.928573740761231,2.893142133967154
problema_5,P100_G400_PC0.9_PM0.3_DI6,0.4,2.5537494753177454,2.5247405133949394
problema_5,P100_G400_PC0.9_PM0.3_DI6,0.5,2.2885451623466873,2.2647946164636585
problema_5,P100_G400_PC0.9_PM0.3_DI6,0.6000000000000001,2.111114603353605,2.091669284383655
problema_5,P100_G400_PC0.9_PM0.3_DI6,0.7000000000000001,2.003174970840533,1.987254474083012
problema_5,P100_G400_PC0.9_PM0.3_DI6,0.8,1.9493845804198124,1.9363499648979845
problema_5,P100_G400_PC0.9_PM0.3_DI6,0.9,1.9368371803138218,1.9261653256069828
problema_5,P100_G400_PC0.9_PM0.3_DI6,1.0,1.9546513631673297,1.945913974601744
problema_5,P100_G400_PC0.9_PM0.3_DI6,1.1,1.9936375488712965,1.9864839684553175
problema_5,P100_G400_PC0.9_PM0.3_DI6,1.2000000000000002,2.0460281371942544,2.0401712704254438
problema_5,P100_G400_PC0.9_PM0.3_DI6,1.3,2.105259011495802,2.1004638052222933
problema_5,P100_G400_PC0.9_PM0.3_DI6,1.4000000000000001,2.1657926928279876,2.1618667017318236
problema_5,P100_G400_PC0.9_PM0.3_DI6,1.5,2.22297518174759,2.219760844843621
problema_5,P100_G400_PC0.9_PM0.3_DI6,1.6,2.272919952254496,2.270288269428973
problema_5,P100_G400_PC0.9_PM0.3_DI6,1.7000000000000002,2.3124137349624183,2.310259089765161
problema_5,P100_G400_PC0.9_PM0.3_DI6,1.8,2.338839691133233,2.337075612041377
problema_5,P100_G400_PC0.9_PM0.3_DI6,1.9000000000000001,2.3501143733753262,2.3486700634115256
problema_5,P100_G400_PC0.9_PM0.3_DI6,2.0,2.344635523530911,2.34345301895617
problema_5,P100_G400_PC0.9_PM0.3_DI6,2.1,2.321238298820471,2.3202701428691577
problema_5,P100_G400_PC0.9_PM0.3_DI6,2.2,2.2791579643129367,2.278365302608261
problema_5,P100_G400_PC0.9_PM0.3_DI6,2.3000000000000003,2.217997460101066,2.217348481313061
problema_5,P100_G400_PC0.9_PM0.3_DI6,2.4000000000000004,2.137698558937667,2.137167218101635
problema_5,P100_G400_PC0.9_PM0.3_DI6,2.5,2.0385155857493595,2.038080559007024
problema_5,P100_G400_PC0.9_PM0.3_DI6,2.6,1.9209908835364402,1.9206347123499312
problema_5,P100_G400_PC0.9_PM0.3_DI6,2.7,1.7859313881403969,1.785639778633431
problema_5,P100_G400_PC0.9_PM0.3_DI6,2.8000000000000003,1.634385823279365,1.6341470725858434
problema_5,P100_G400_PC0.9_PM0.3_DI6,2.9000000000000004,1.4676221520498096,1.4674266786472978
problema_5,P100_G400_PC0.9_PM0.3_DI6,3.0,1.287105025780178,1.286944984959042
problema_5,P100_G400_PC0.9_PM0.3_DI6,3.1,1.0944730589576348,1.0943420279933802
problema_5,P100_G400_PC0.9_PM0.3_DI6,3.2,0.8915158325786365,0.8914085529724436
problema_5,P100_G400_PC0.9_PM0.3_DI6,3.3000000000000003,0.680150589847655,0.6800627562904339
problema_5,P100_G400_PC0.9_PM0.3_DI6,3.4000000000000004,0.4623986394128663,0.4623267270033339
problema_5,P100_G400_PC0.9_PM0.3_DI6,3.5,0.24036152370488373,0.24030264648741234
problema_5,P100_G400_PC0.9_PM0.3_DI6,3.6,0.01619704459470217,0.016148839739666077
problema_5,P100_G400_PC0.9_PM0.3_DI6,3.7,-0.20790473353980132,-0.20794420056135143
problema_5,P100_G400_PC0.9_PM0.3_DI6,3.8000000000000003,-0.42974536137037833,-0.42977767442331327
problema_5,P100_G400_PC0.9_PM0.3_DI6,3.9000000000000004,-0.6471416042939296,-0.6471680601426736
problema_5,P100_G400_PC0.9_PM0.3_DI6,4.0,-0.8579485939848294,-0.8579702543350017
problema_5,P100_G400_PC0.9_PM0.3_DI6,4.1000000000000005,-1.0600823541757203,-1.0601000882823504
problema_5,P100_G400_PC0.9_PM0.3_DI6,4.2,-1.251541519541404,-1.2515560390936926
problema_5,P100_G400_PC0.9_PM0.3_DI6,4.3,-1.430428066656929,-1.4304399543395663
problema_5,P100_G400_PC0.9_PM0.3_DI6,4.4,-1.5949668793500402,-1.5949766122273128
problema_5,P100_G400_PC0.9_PM0.3_DI6,4.5,-1.7435239770748943,-1.7435319457360405
problema_5,P100_G400_PC0.9_PM0.3_DI6,4.6000000000000005,-1.8746232439208523,-1.8746297681550093
problema_5,P100_G400_PC0.9_PM0.3_DI6,4.7,-1.9869615072719713,-1.9869668489017853
problema_5,P100_G400_PC0.9_PM0.3_DI6,4.800000000000001,-2.0794218286921833,-2.0794262020811245
problema_5,P100_G400_PC0.9_PM0.3_DI6,4.9,-2.151084885074648,-2.151088465729705
problema_5,P100_G400_PC0.9_PM0.3_DI6,5.0,-2.2012383352109284,-2.201241266825931
problema_5,P100_G400_PC0.9_PM0.3_DI6,5.1000000000000005,-2.2293840854563407,-2.2293864856785697
problema_5,P100_G400_PC0.9_PM0.3_DI6,5.2,-2.2352433878426328,-2.2352453529941414
problema_5,P100_G400_PC0.9_PM0.3_DI6,5.300000000000001,-2.2187597245685744,-2.2187613335116985
problema_5,P100_G400_PC0.9_PM0.3_DI6,5.4,-2.180099454034142,-2.1801007713363294
problema_5,P100_G400_PC0.9_PM0.3_DI6,5.5,-2.1196502152273027,-2.1196512937522645
problema_5,P100_G400_PC0.9_PM0.3_DI6,5.6000000000000005,-2.0380171090784978,-2.0380179921076813
problema_5,P100_G400_PC0.9_PM0.3_DI6,5.7,-1.9360166971253794,-1.9360174200948868
problema_5,P100_G400_PC0.9_PM0.3_DI6,5.800000000000001,-1.814668879242415,-1.8146694711650824
problema_5,P100_G400_PC0.9_PM0.3_DI6,5.9,-1.6751867330570174,-1.6751872176867222
problema_5,P100_G400_PC0.9_PM0.3_DI6,6.0,-1.5189644177740977,-1.5189648145590158
problema_5,P100_G400_PC0.9_PM0.3_DI6,6.1000000000000005,-1.347563264253132,-1.3475635891162066
problema_5,P100_G400_PC0.9_PM0.3_DI6,6.2,-1.162696191125965,-1.162696457103901
problema_5,P100_G400_PC0.9_PM0.3_DI6,6.300000000000001,-0.9662106033233091,-0.9662108210897433
problema_5,P100_G400_PC0.9_PM0.3_DI6,6.4,-0.7600699444217731,-0.7600701227156121
problema_5,P100_G400_PC0.9_PM0.3_DI6,6.5,-0.5463340875759506,-0.5463342335520653
problema_5,P100_G400_PC0.9_PM0.3_DI6,6.6000000000000005,-0.3271387613245864,-0.32713888084093923
problema_5,P100_G400_PC0.9_PM0.3_DI6,6.7,-0.10467421613744998,-0.10467431399017646
problema_5,P100_G400_PC0.9_PM0.3_DI6,6.800000000000001,0.11883665489787276,0.11883657478199461
problema_5,P100_G400_PC0.9_PM0.3_DI6,6.9,0.3411605224398694,0.34116045684583673
problema_5,P100_G400_PC0.9_PM0.3_DI6,7.0,0.5600759322665881,0.5600758785621555
problema_5,P100_G400_PC0.9_PM0.3_DI6,7.1000000000000005,0.7733954985977534,0.7733954546278003
problema_5,P100_G400_PC0.9_PM0.3_DI6,7.2,0.9789877575082673,0.9789877215083138
problema_5,P100_G400_PC0.9_PM0.3_DI6,7.300000000000001,1.174798461991846,1.1747984325172443
problema_5,P100_G400_PC0.9_PM0.3_DI6,7.4,1.3588711058284915,1.3588710816964524
problema_5,P100_G400_PC0.9_PM0.3_DI6,7.5,1.529366471128375,1.5293664513705036
problema_5,P100_G400_PC0.9_PM0.3_DI6,7.6000000000000005,1.6845810041905418,1.6845809880139746
problema_5,P100_G400_PC0.9_PM0.3_DI6,7.7,1.8229638360308817,1.822963822786471
problema_5,P100_G400_PC0.9_PM0.3_DI6,7.800000000000001,1.943132277483079,1.943132266639342
problema_5,P100_G400_PC0.9_PM0.3_DI6,7.9,2.043885634023718,2.043885625145508
problema_5,P100_G400_PC0.9_PM0.3_DI6,8.0,2.1242172022664256,2.124217194997472
problema_5,P100_G400_PC0.9_PM0.3_DI6,8.1,2.183324328242014,2.183324322290624
problema_5,P100_G400_PC0.9_PM0.3_DI6,8.200000000000001,2.2206164269508823,2.2206164220782343
problema_5,P100_G400_PC0.9_PM0.3_DI6,8.3,2.2357208830468878,2.2357208790574497
problema_5,P100_G400_PC0.9_PM0.3_DI6,8.4,2.2284867736851277,2.22848677041881
problema_5,P100_G400_PC0.9_PM0.3_DI6,8.5,2.198986376328067,2.1989863736537973
problema_5,P100_G400_PC0.9_PM0.3_DI6,8.6,2.147514446437899,2.1475144442483622
problema_5,P100_G400_PC0.9_PM0.3_DI6,8.700000000000001,2.0745852722667584,2.0745852704740937
problema_5,P100_G400_PC0.9_PM0.3_DI6,8.8,1.9809275361679388,1.9809275347002093
problema_5,P100_G400_PC0.9_PM0.3_DI6,8.9,1.8674770337685174,1.867477032566825
problema_5,P100_G400_PC0.9_PM0.3_DI6,9.0,1.7353673237480685,1.7353673227641926
problema_5,P100_G400_PC0.9_PM0.3_DI6,9.1,1.585918401645333,1.585918400839792
problema_5,P100_G400_PC0.9_PM0.3_DI6,9.200000000000001,1.4206235108584202,1.4206235101988895
problema_5,P100_G400_PC0.9_PM0.3_DI6,9.3,1.2411342226170674,1.2411342220770818
problema_5,P100_G400_PC0.9_PM0.3_DI6,9.4,1.0492439340015483,1.049243933559439
problema_5,P100_G400_PC0.9_PM0.3_DI6,9.5,0.8468699488895385,0.8468699485275647
problema_5,P100_G400_PC0.9_PM0.3_DI6,9.600000000000001,0.6360343208712543,0.6360343205748908
problema_5,P100_G400_PC0.9_PM0.3_DI6,9.700000000000001,0.4188436495434219,0.4188436493007764
problema_5,P100_G400_PC0.9_PM0.3_DI6,9.8,0.19746803205017582,0.1974680318515114
problema_5,P100_G400_PC0.9_PM0.3_DI6,9.9,-0.02588061982028944,-0.025880619982944664
problema_5,P100_G400_PC0.9_PM0.3_DI6,10.0,-0.2489706803353654,-0.2489706804685382
