problema,configuracion,n_ejecuciones,TE,VAMM,DE_VAMM,PEX,DE_PEX,tiempo_medio,mejor_expresion
problema_1,P50_G150_PC0.8_PM0.15_DI4,5,0.0,0.4153588741350456,0.08723679125294789,nan,nan,1.310819279999123,(sqrt(sin((x + x))) / sqrt((((((3.0242 / 4.6798) / x) / sqrt(sin(x))) / sin(x)) / sin((sqrt(x) + x)))))
problema_1,P50_G150_PC0.8_PM0.15_DI5,5,0.0,0.6879545720857007,0.3758027925039117,nan,nan,1.4306200399980298,((sqrt(sin((((0.8534 * x) * sin(8.0961)) + x))) * x) * sqrt(sin((x + x))))
problema_1,P50_G150_PC0.8_PM0.25_DI4,5,0.0,0.3456344265797943,0.09080312341205096,nan,nan,1.5413953200011747,((sqrt(sqrt(cos(x))) * x) * (((sqrt(sqrt(cos(x))) * sin(x)) + sqrt(exp((cos(2.2750) - x)))) * sin((x + sqrt(cos(log(x)))))))
problema_1,P50_G150_PC0.8_PM0.25_DI5,5,0.0,0.7178926587073307,0.40092841446728533,nan,nan,1.6115850600006525,((cos(log((sqrt(x) + (cos(4.6785) + x)))) * sqrt(sqrt(sin((sqrt(x) + x))))) * (sin((sqrt(x) + x)) * (x * sqrt((x + x)))))
problema_1,P50_G150_PC0.9_PM0.15_DI4,5,0.0,0.47653993616888907,0.05429523729586258,nan,nan,1.2533907199976966,(sqrt(sin(sin((x / (sqrt(x) / -4.9416))))) / sqrt(((log(exp(sqrt(x))) / x) / (log(((x / 5.0614) / -4.8933)) / log(x)))))
problema_1,P50_G150_PC0.9_PM0.15_DI5,5,0.0,0.5793551060012444,0.2858053476093524,nan,nan,1.6031764800020027,(sin(((sin((x + x)) / ((x + x) + -3.9211)) - x)) / ((((sin((x + x)) / sqrt(0.1618)) + sin(x)) + x) + -5.0554))
problema_1,P50_G150_PC0.9_PM0.25_DI4,5,0.0,0.39860663937674146,0.06613830556954937,nan,nan,1.39135161999875,sqrt(sin((sin(((x + x) - (x / 10.6987))) - sqrt(sin(((x + 2.3317) - log(-0.3773)))))))
problema_1,P50_G150_PC0.9_PM0.25_DI5,5,0.0,0.6533422891770966,0.36807615362203083,nan,nan,1.5340597000031266,log((sqrt((sqrt(cos(x)) * log((4.7013 * x)))) * (((sqrt(cos(x)) * sin(x)) * x) + sqrt(2.9097))))
problema_1,P100_G150_PC0.8_PM0.15_DI4,5,0.0,0.3742416576563541,0.17710983136172118,nan,nan,2.6780833799988613,(sqrt(sin((log(sqrt(x)) + log((x * 5.1224))))) * sin((sin((log(x) + log((-3.1318 / x)))) + log((x * 6.2738)))))
problema_1,P100_G150_PC0.8_PM0.15_DI5,5,0.0,0.28333981470918856,0.0686836614171738,nan,nan,2.3852344200000517,((sin(x) * sqrt((sin(sin(x)) + sin(cos(x))))) * (sin((sqrt(x) + x)) * sqrt((sin(sin(sqrt(8.0485))) + sin(x)))))
problema_1,P100_G150_PC0.8_PM0.25_DI4,5,0.0,0.33488485123871087,0.0544219449821281,nan,nan,2.953064280000399,(cos(exp(cos(exp((sin(x) / x))))) * (((cos(x) + sqrt(sin(x))) * x) * ((sqrt(cos(x)) + (sin((-6.4018 * x)) / 12.4260)) * sqrt(x))))
problema_1,P100_G150_PC0.8_PM0.25_DI5,5,0.0,0.6043268080778125,0.32069508721894646,nan,nan,2.6826080399987404,((sin((x * sqrt(log((x * 6.2527))))) / exp(x)) / sqrt((sqrt(sqrt(x)) - sin(x))))
problema_1,P100_G150_PC0.9_PM0.15_DI4,5,0.0,0.362010091066105,0.10072646409392438,nan,nan,2.655492580002465,(((sin((x + x)) + sin(8.8577)) / ((x - sin((0.3270 + x))) + (((1.9856 + cos(-8.0951)) / x) / (sqrt(exp(x)) + x)))) / (cos(sin(-1.9784)) - -1.4623))
problema_1,P100_G150_PC0.9_PM0.15_DI5,5,0.0,0.45246193608712104,0.23838159699067907,nan,nan,2.6850334800008566,sqrt(((sin(((sqrt(x) + x) - sqrt(0.9270))) / sqrt(sqrt(log(x)))) - (sqrt(log(x)) * (sin(x) / sqrt(((1.0018 / -8.5313) - (x * -0.3587)))))))
problema_1,P100_G150_PC0.9_PM0.25_DI4,5,0.0,0.32105080897055543,0.15196131004720875,nan,nan,3.1960269200004405,(((log(((-1.5264 + -0.3420) + log(x))) + (sin((x * x)) / x)) / 3.5895) * ((cos(x) + exp(sin((cos(5.6482) * (x + x))))) + sin(x)))
problema_1,P100_G150_PC0.9_PM0.25_DI5,5,0.0,0.3644169907180057,0.06860140031875692,nan,nan,2.4679545999999393,((sqrt(cos(x)) / sqrt((x * sqrt(sin(cos(9.1527)))))) * (((x * sin(((1.0650 - x) - -1.1803))) / sqrt(sin(cos(5.2365)))) * sin((sin((sin(x) + log(x))) - -0.8863))))
